generation_id,created_at,cost_total,cost_web_search,cost_cache,cost_file_processing,byok_usage_inference,tokens_prompt,tokens_completion,tokens_reasoning,tokens_cached,model_permaslug,provider_name,variant,cancelled,streamed,user,finish_reason_raw,finish_reason_normalized,generation_time_ms,time_to_first_token_ms,app_name,api_key_name
gen-1775038292-jFJRFvAENrMu0DKnhM8E,2026-04-01 10:11:32.968,0,,,0,0.87199,174068,66,0,0,anthropic/claude-4.6-opus-20260205,Amazon Bedrock,standard,false,true,,tool_use,tool_calls,5862,5460,Bustly,gateway-Internal-key
gen-1775038282-J5FYIsOfHhustNY3os4F,2026-04-01 10:11:22.033,0,,,0,0.870055,173251,152,0,0,anthropic/claude-4.6-opus-20260205,Amazon Bedrock,standard,false,true,,tool_use,tool_calls,8268,5739,Bustly,gateway-Internal-key
gen-1775037773-pUXTyqPh6LsH60uakDP2,2026-04-01 10:02:53.614,0,,,0,0.885385,172212,973,0,0,anthropic/claude-4.6-opus-20260205,Amazon Bedrock,standard,false,true,,end_turn,stop,24663,4545,Bustly,gateway-Internal-key
gen-1775037234-3rYkWh69noENg8oNc9XX,2026-04-01 09:53:54.747,0,,,0,0.734665,144698,447,0,0,anthropic/claude-4.6-opus-20260205,Amazon Bedrock,standard,false,true,,end_turn,stop,11004,5069,Bustly,gateway-Internal-key
gen-1775037213-GYwYITPhWpkBJtrGqliy,2026-04-01 09:53:33.374,0,,,0,0.63883,119146,1724,0,0,anthropic/claude-4.6-opus-20260205,Amazon Bedrock,standard,false,true,,end_turn,stop,33415,4317,Bustly,gateway-Internal-key
gen-1775037204-GrpOAW9s4dxMHRjH29Gd,2026-04-01 09:53:24.255,0,,,0,0.535875,106215,192,0,0,anthropic/claude-4.6-opus-20260205,Amazon Bedrock,standard,false,true,,tool_use,tool_calls,4888,3647,Bustly,gateway-Internal-key
gen-1775037196-Sxm8rUVUB4b9FIOPbsdm,2026-04-01 09:53:16.570,0,,,0,0.53292,105644,188,0,0,anthropic/claude-4.6-opus-20260205,Amazon Bedrock,standard,false,true,,tool_use,tool_calls,4775,3523,Bustly,gateway-Internal-key
gen-1775037188-9AgW8RRurUYKa2yjQzhL,2026-04-01 09:53:08.691,0,,,0,0.72526,144592,92,0,0,anthropic/claude-4.6-opus-20260205,Amazon Bedrock,standard,false,true,,tool_use,tool_calls,44070,39241,Bustly,gateway-Internal-key
gen-1775037079-C3duKG7sMmHzRTDsXp6g,2026-04-01 09:51:19.157,0.558075,,,0,0,109285,466,0,0,anthropic/claude-4.6-opus-20260205,Azure,standard,false,true,,end_turn,stop,12168,4733,Bustly,gateway-Internal-key
gen-1775037079-ICmr3RudLNZgXogopbnG,2026-04-01 09:51:19.151,0,,,0,0.468085,92712,181,0,0,anthropic/claude-4.6-opus-20260205,Amazon Bedrock,standard,false,true,,tool_use,tool_calls,126169,40440,Bustly,gateway-Internal-key
gen-1775037079-DYu9PfTOn2stDzwhH2AE,2026-04-01 09:51:19.109,0,,,0,0.8765,136860,7688,0,0,anthropic/claude-4.6-opus-20260205,Amazon Bedrock,standard,false,true,,tool_use,tool_calls,107349,4567,Bustly,gateway-Internal-key
gen-1775037068-JEcaxThwua30radsHBG1,2026-04-01 09:51:08.432,0,,,0,0.53107,105279,187,0,0,anthropic/claude-4.6-opus-20260205,Amazon Bedrock,standard,false,true,,tool_use,tool_calls,121806,72643,Bustly,gateway-Internal-key
gen-1775037064-p3mHUrEEs8dBbOrPksFZ,2026-04-01 09:51:04.275,0,,,0,0.96421,166757,5217,0,0,anthropic/claude-4.6-opus-20260205,Amazon Bedrock,standard,false,true,,end_turn,stop,90561,4971,Bustly,gateway-Internal-key
gen-1775036938-jIxHkrsCAOxldVuXuEXp,2026-04-01 09:48:58.478,0,,,0,0.52462,104384,108,0,0,anthropic/claude-4.6-opus-20260205,Amazon Bedrock,standard,false,true,,tool_use,tool_calls,128228,76135,Bustly,gateway-Internal-key
gen-1775036807-D7cl2zy6pueKkpo233sb,2026-04-01 09:46:47.022,0,,,0,0.56625,102135,2223,0,0,anthropic/claude-4.6-opus-20260205,Amazon Bedrock,standard,false,true,,end_turn,stop,47438,3664,Bustly,gateway-Internal-key
gen-1775036798-pFFtgCtehqJAOGCXZsIy,2026-04-01 09:46:38.072,0,,,0,0.283925,55610,235,0,0,anthropic/claude-4.6-opus-20260205,Amazon Bedrock,standard,false,true,,tool_use,tool_calls,7549,3677,Bustly,gateway-Internal-key
gen-1775036789-Mud3VgXact1WiF9OA8XA,2026-04-01 09:46:29.389,0,,,0,0.27097,53204,198,0,0,anthropic/claude-4.6-opus-20260205,Amazon Bedrock,standard,false,true,,tool_use,tool_calls,4553,3271,Bustly,gateway-Internal-key
gen-1775036782-sjKFGN71yUjfbvmzgGbX,2026-04-01 09:46:22.109,0,,,0,0.268215,52528,223,0,0,anthropic/claude-4.6-opus-20260205,Amazon Bedrock,standard,false,true,,tool_use,tool_calls,4780,2856,Bustly,gateway-Internal-key
gen-1775036776-tCcCTUmIacTdL0WAMAwP,2026-04-01 09:46:16.226,0,,,0,0.2655,52160,188,0,0,anthropic/claude-4.6-opus-20260205,Amazon Bedrock,standard,false,true,,tool_use,tool_calls,4189,2915,Bustly,gateway-Internal-key
gen-1775036765-pnuusvRlEnOozedpBFbg,2026-04-01 09:46:05.216,0,,,0,0.8523,165190,1054,0,0,anthropic/claude-4.6-opus-20260205,Amazon Bedrock,standard,false,true,,end_turn,stop,238961,43599,Bustly,gateway-Internal-key
gen-1775036704-t7el74afQTjifQBGq4np,2026-04-01 09:45:04.411,0,,,0,0.258825,51220,109,0,0,anthropic/claude-4.6-opus-20260205,Amazon Bedrock,standard,false,true,,tool_use,tool_calls,70372,49500,Bustly,gateway-Internal-key
gen-1775036679-uioTYVFucE2iIzcpQTm1,2026-04-01 09:44:39.275,0,,,0,0.92338,160281,4879,0,0,anthropic/claude-4.6-opus-20260205,Amazon Bedrock,standard,false,true,,tool_use,tool_calls,83639,5859,Bustly,gateway-Internal-key
gen-1775036672-Y9Xv2bCpDh3PhmHrwYok,2026-04-01 09:44:32.838,0,,,0,0.7979,159180,80,0,0,anthropic/claude-4.6-opus-20260205,Amazon Bedrock,standard,false,true,,tool_use,tool_calls,5094,4597,Bustly,gateway-Internal-key
gen-1775036638-Y7ycAyBstGYIFX4qPMl4,2026-04-01 09:43:57.948,0,,,0,0.797125,156775,530,0,0,anthropic/claude-4.6-opus-20260205,Amazon Bedrock,standard,false,true,,end_turn,stop,13368,5088,Bustly,gateway-Internal-key
gen-1775036567-YtgTn8jcS6LazfQHHL2a,2026-04-01 09:42:47.274,0,,,0,0.785665,156668,93,0,0,anthropic/claude-4.6-opus-20260205,Amazon Bedrock,standard,false,true,,tool_use,tool_calls,67788,66044,Bustly,gateway-Internal-key
gen-1775036546-4B6kaKDdqKKTo4Hl1AGo,2026-04-01 09:42:26.166,0,,,0,0.2637,51190,310,0,0,anthropic/claude-4.6-opus-20260205,Amazon Bedrock,standard,false,true,,tool_use,tool_calls,278465,32858,Bustly,gateway-Internal-key
gen-1775036544-NWRrMMVPDiSpAkF1h4ky,2026-04-01 09:42:24.229,0,,,0,0.791895,157859,104,0,0,anthropic/claude-4.6-opus-20260205,Amazon Bedrock,standard,false,true,,tool_use,tool_calls,126470,61332,Bustly,gateway-Internal-key
gen-1775036541-0uUitMSduLinOaC8qA9p,2026-04-01 09:42:21.037,0,,,0,0.20256,39802,142,0,0,anthropic/claude-4.6-opus-20260205,Amazon Bedrock,standard,false,true,,tool_use,tool_calls,3526,2237,Bustly,gateway-Internal-key
gen-1775036534-qORWYtmdK0V3Tgp5ln0F,2026-04-01 09:42:14.399,0,,,0,0.20044,39338,150,0,0,anthropic/claude-4.6-opus-20260205,Amazon Bedrock,standard,false,true,,tool_use,tool_calls,5013,3637,Bustly,gateway-Internal-key
gen-1775036480-BAtvpXInEA9Cr7Of1fgS,2026-04-01 09:41:20.767,0,,,0,0.5596,109285,527,0,0,anthropic/claude-4.6-opus-20260205,Amazon Bedrock,standard,false,true,,end_turn,stop,808561,60666,Bustly,gateway-Internal-key
gen-1775036475-Ms3hfjEEiqkMRyE3chmf,2026-04-01 09:41:15.051,0,,,0,0.548215,109178,93,0,0,anthropic/claude-4.6-opus-20260205,Amazon Bedrock,standard,false,true,,tool_use,tool_calls,4528,3925,Bustly,gateway-Internal-key
gen-1775036473-2B31kIYSpwcOUd1CryAS,2026-04-01 09:41:12.187,0,,,0,0.183985,36017,156,0,0,anthropic/claude-4.6-opus-20260205,Amazon Bedrock,standard,false,true,,tool_use,tool_calls,58752,36681,Bustly,gateway-Internal-key
gen-1775036464-clTKX2fY3MZwrmPV5YA9,2026-04-01 09:41:04.060,0,,,0,0.78493,155466,304,0,0,anthropic/claude-4.6-opus-20260205,Amazon Bedrock,standard,false,true,,end_turn,stop,78830,34359,Bustly,gateway-Internal-key
gen-1775036458-mX2iFzq5CfiycdPfFyy5,2026-04-01 09:40:58.317,0,,,0,0.162225,31445,200,0,0,anthropic/claude-4.6-opus-20260205,Amazon Bedrock,standard,false,true,,tool_use,tool_calls,4143,2892,Bustly,gateway-Internal-key
gen-1775036453-noYh3ckw1bwq2JA2Bs4A,2026-04-01 09:40:53.507,0,,,0,0.95324,148118,8506,0,0,anthropic/claude-4.6-opus-20260205,Amazon Bedrock,standard,false,true,,tool_use,tool_calls,112462,4428,Bustly,gateway-Internal-key
gen-1775036443-pKNof0RWX602wJuE0vXF,2026-04-01 09:40:43.204,0,,,0,0.74587,147779,279,0,0,anthropic/claude-4.6-opus-20260205,Amazon Bedrock,standard,false,true,,tool_use,tool_calls,7511,3967,Bustly,gateway-Internal-key
gen-1775036441-A5ifNzZ7aF0GUNIsSqRJ,2026-04-01 09:40:41.670,0,,,0,0.728125,142995,526,0,0,anthropic/claude-4.6-opus-20260205,Amazon Bedrock,standard,false,true,,end_turn,stop,214757,28004,Bustly,gateway-Internal-key
gen-1775036376-xc26DEnkybqCQtdL6iSV,2026-04-01 09:39:36.384,0,,,0,0.716745,142889,92,0,0,anthropic/claude-4.6-opus-20260205,Amazon Bedrock,standard,false,true,,tool_use,tool_calls,63873,49586,Bustly,gateway-Internal-key
gen-1775036365-aZzw0AA6sW9TDeodCSB6,2026-04-01 09:39:25.736,0,,,0,0.70431,101202,7932,0,0,anthropic/claude-4.6-opus-20260205,Amazon Bedrock,standard,false,true,,tool_use,tool_calls,107719,4390,Bustly,gateway-Internal-key
gen-1775036353-9xwRScr95kNtF4WKTg6Q,2026-04-01 09:39:13.962,0,,,0,0.512425,100795,338,0,0,anthropic/claude-4.6-opus-20260205,Amazon Bedrock,standard,false,true,,tool_use,tool_calls,6957,3324,Bustly,gateway-Internal-key
gen-1775036345-d9LblAvrnomiQFntu3QA,2026-04-01 09:39:05.548,0,,,0,0.78478,156761,39,0,0,anthropic/claude-4.6-opus-20260205,Amazon Bedrock,standard,false,true,,end_turn,stop,6371,5538,Bustly,gateway-Internal-key
gen-1775036343-Kf4WjO9yAbeoCcT5PKEP,2026-04-01 09:39:03.841,0,,,0,0.510125,100430,319,0,0,anthropic/claude-4.6-opus-20260205,Amazon Bedrock,standard,false,true,,tool_use,tool_calls,6713,3413,Bustly,gateway-Internal-key
gen-1775036330-o40A1hZ66myiwwUC3mjK,2026-04-01 09:38:50.386,0,,,0,0.73572,146524,124,0,0,anthropic/claude-4.6-opus-20260205,Amazon Bedrock,standard,false,true,,tool_use,tool_calls,107249,93546,Bustly,gateway-Internal-key
gen-1775036328-GaHnES3TCeTjnYgZgbmI,2026-04-01 09:38:48.319,0,,,0,0.51103,99541,533,0,0,anthropic/claude-4.6-opus-20260205,Amazon Bedrock,standard,false,true,,tool_use,tool_calls,10684,4963,Bustly,gateway-Internal-key
gen-1775036323-RHzZAVsNCy7o7Tl5TNJV,2026-04-01 09:38:43.591,0,,,0,0.73599,146328,174,0,0,anthropic/claude-4.6-opus-20260205,Amazon Bedrock,standard,false,true,,tool_use,tool_calls,5716,5273,Bustly,gateway-Internal-key
gen-1775036267-0edWNVSaeQKzmZsGbifL,2026-04-01 09:37:47.372,0,,,0,0.863525,135380,7465,0,0,anthropic/claude-4.6-opus-20260205,Amazon Bedrock,standard,false,true,,tool_use,tool_calls,107812,4526,Bustly,gateway-Internal-key
gen-1775036255-ol9kW5LfoamEZ1eCuU4R,2026-04-01 09:37:35.440,0.159865,,,0,0,31283,138,0,0,anthropic/claude-4.6-opus-20260205,Azure,standard,false,true,,end_turn,stop,6267,3535,Bustly,gateway-Internal-key
gen-1775036250-CzaoSpyBSUNTctm6oo32,2026-04-01 09:37:30.219,0,,,0,0.157395,30514,193,0,0,anthropic/claude-4.6-opus-20260205,Amazon Bedrock,standard,false,true,,tool_use,tool_calls,3968,2608,Bustly,gateway-Internal-key
gen-1775036243-L53jApuDONehhbLbuviP,2026-04-01 09:37:22.930,0,,,0,0.1487,29130,122,0,0,anthropic/claude-4.6-opus-20260205,Amazon Bedrock,standard,false,true,,tool_use,tool_calls,5381,4157,Bustly,gateway-Internal-key
gen-1775036118-AcWozwguFh1Iq0l0QY6v,2026-04-01 09:35:18.517,0,,,0,0.76564,144438,1738,0,0,anthropic/claude-4.6-opus-20260205,Amazon Bedrock,standard,false,true,,tool_use,tool_calls,198470,57124,Bustly,gateway-Internal-key
gen-1775036096-Ms5TMZr42uBj2PGyHsvB,2026-04-01 09:34:56.817,0,,,0,0.463635,92712,3,0,0,anthropic/claude-4.6-opus-20260205,Amazon Bedrock,standard,false,true,,,,1173730,68789,Bustly,gateway-Internal-key
gen-1775036090-9Z5PEx9sTMYnUjKsOm0x,2026-04-01 09:34:50.113,0,,,0,0.68336,134697,395,0,0,anthropic/claude-4.6-opus-20260205,Amazon Bedrock,standard,false,true,,tool_use,tool_calls,169987,29389,Bustly,gateway-Internal-key
gen-1775036087-dtzXA8Wxx4VJGNymj5Ys,2026-04-01 09:34:47.177,0,,,0,0.40077,79664,98,0,0,anthropic/claude-4.6-opus-20260205,Amazon Bedrock,standard,false,true,,tool_use,tool_calls,5390,3667,Bustly,gateway-Internal-key
gen-1775036076-JRDVFHzIZ1CUpmJUKkBm,2026-04-01 09:34:36.643,0,,,0,0.67716,133112,464,0,0,anthropic/claude-4.6-opus-20260205,Amazon Bedrock,standard,false,true,,tool_use,tool_calls,8736,3828,Bustly,gateway-Internal-key
gen-1775036072-p8sUUFNEp1uQXDgb6y2g,2026-04-01 09:34:32.351,0,,,0,0.511405,98351,786,0,0,anthropic/claude-4.6-opus-20260205,Amazon Bedrock,standard,false,true,,tool_use,tool_calls,251469,60665,Bustly,gateway-Internal-key
gen-1775036062-N3RjPFYURBpYMUFkkviO,2026-04-01 09:34:22.083,0,,,0,0.66551,131867,247,0,0,anthropic/claude-4.6-opus-20260205,Amazon Bedrock,standard,false,true,,tool_use,tool_calls,50612,43642,Bustly,gateway-Internal-key
gen-1775036060-1yiPVNZDLz83ub17Eb96,2026-04-01 09:34:20.940,0,,,0,0.70034,135978,818,0,0,anthropic/claude-4.6-opus-20260205,Amazon Bedrock,standard,false,true,,tool_use,tool_calls,648171,53014,Bustly,gateway-Internal-key
gen-1775036058-4e32qWGhmyar0uqx65rc,2026-04-01 09:34:18.497,0,,,0,0.67727,131709,749,0,0,anthropic/claude-4.6-opus-20260205,Amazon Bedrock,standard,false,true,,tool_use,tool_calls,13552,3567,Bustly,gateway-Internal-key
gen-1775036053-h9sEIvvtij8hfKV623N3,2026-04-01 09:34:13.023,0.092465,,,0,0,17928,113,0,0,anthropic/claude-4.6-opus-20260205,Azure,standard,false,true,,tool_use,tool_calls,3803,2387,Bustly,gateway-Internal-key
gen-1775036043-WduQdy8oa3sCpi59hF4E,2026-04-01 09:34:03.309,0,,,0,0.08946,15962,386,0,0,anthropic/claude-4.6-opus-20260205,Amazon Bedrock,standard,false,true,,tool_use,tool_calls,6286,2200,Bustly,gateway-Internal-key
gen-1775036038-5iUpivXLSpJhDjoW9F0w,2026-04-01 09:33:58.940,0,,,0,0.78339,155838,168,0,0,anthropic/claude-4.6-opus-20260205,Amazon Bedrock,standard,false,true,,end_turn,stop,9159,6350,Bustly,gateway-Internal-key
gen-1775036032-BTLeS2KtLREyEMeLhRnj,2026-04-01 09:33:52.725,0,,,0,0.14865,29130,120,0,0,anthropic/claude-4.6-opus-20260205,Amazon Bedrock,standard,false,true,,tool_use,tool_calls,78016,21441,Bustly,gateway-Internal-key
gen-1775036028-XLH4Tx1Y6nxjy9g5YKhl,2026-04-01 09:33:48.070,0,,,0,0.081355,15931,68,0,0,anthropic/claude-4.6-opus-20260205,Amazon Bedrock,standard,false,true,,tool_use,tool_calls,23910,20020,Bustly,gateway-Internal-key
gen-1775036023-Eo54ONftuyPpEzNxO3FI,2026-04-01 09:33:43.361,0,,,0,0.067115,12988,87,0,0,anthropic/claude-4.6-opus-20260205,Amazon Bedrock,standard,false,true,,tool_use,tool_calls,3666,2278,Bustly,gateway-Internal-key
gen-1775036022-bYmvXCsoKl0w7qizX6dZ,2026-04-01 09:33:42.917,0,,,0,0.793585,154912,761,0,0,anthropic/claude-4.6-opus-20260205,Amazon Bedrock,standard,false,true,,tool_use,tool_calls,14356,5499,Bustly,gateway-Internal-key
gen-1775036018-nazbObtBLHh6HfSq82pq,2026-04-01 09:33:38.526,0.09035,,,0,0,16050,404,0,0,anthropic/claude-4.6-opus-20260205,Azure,standard,false,true,,tool_use,tool_calls,7403,3144,Bustly,gateway-Internal-key
gen-1775036017-L5pDkw4wU0zXd0hi8uJy,2026-04-01 09:33:37.775,0.06735,,,0,0,13015,91,0,0,anthropic/claude-4.6-opus-20260205,Azure,standard,false,true,,tool_use,tool_calls,3576,2032,Bustly,gateway-Internal-key
gen-1775036013-ouipfzq6m1RDSxo8t4NC,2026-04-01 09:33:33.681,0.10556,,,0,0,18092,604,0,0,anthropic/claude-4.6-opus-20260205,Azure,standard,false,true,,tool_use,tool_calls,12334,6161,Bustly,gateway-Internal-key
gen-1775036013-BvzVL1mwl6dwsRtEKZxg,2026-04-01 09:33:33.670,0.088865,,,0,0,15883,378,0,0,anthropic/claude-4.6-opus-20260205,Azure,standard,false,true,,tool_use,tool_calls,6571,2656,Bustly,gateway-Internal-key
gen-1775036012-GzHnCgezmqXtqHTEEBVz,2026-04-01 09:33:32.247,0,,,0,0.0683,12960,140,0,0,anthropic/claude-4.6-opus-20260205,Amazon Bedrock,standard,false,true,,tool_use,tool_calls,4786,2353,Bustly,gateway-Internal-key
gen-1775036008-DV4dyYGmzFZJXcPqwLIi,2026-04-01 09:33:28.886,0,,,0,0.066975,12935,92,0,0,anthropic/claude-4.6-opus-20260205,Amazon Bedrock,standard,false,true,,tool_use,tool_calls,3368,1803,Bustly,gateway-Internal-key
gen-1775036006-1SpsGcEbv0JWPMuNWbIH,2026-04-01 09:33:26.589,0,,,0,0.06958,13111,161,0,0,anthropic/claude-4.6-opus-20260205,Amazon Bedrock,standard,false,true,,tool_use,tool_calls,4835,2589,Bustly,gateway-Internal-key
gen-1775035772-mDc0wFKo2ydWDpuncGg7,2026-04-01 09:29:32.023,0,,,0,0.152675,28735,360,0,0,anthropic/claude-4.6-opus-20260205,Amazon Bedrock,standard,false,true,,end_turn,stop,7542,2581,Bustly,gateway-Internal-key
gen-1775035767-GF7SH7Vy5CppcPcZ0ZJe,2026-04-01 09:29:27.558,0,,,0,0.797655,153551,1196,0,0,anthropic/claude-4.6-opus-20260205,Amazon Bedrock,standard,false,true,,tool_use,tool_calls,253024,61795,Bustly,gateway-Internal-key
gen-1775035757-A6TAXvDcBXzaC9yAhaRQ,2026-04-01 09:29:17.785,0,,,0,0.69383,138451,63,0,0,anthropic/claude-4.6-opus-20260205,Amazon Bedrock,standard,false,true,,tool_use,tool_calls,8485,7678,Bustly,gateway-Internal-key
gen-1775035750-bsB7NuVQtUPo5W9rTT7s,2026-04-01 09:29:10.927,0,,,0,0.611735,122032,63,0,0,anthropic/claude-4.6-opus-20260205,Amazon Bedrock,standard,false,true,,tool_use,tool_calls,5290,4503,Bustly,gateway-Internal-key
gen-1775035744-QJtoN44eQlAP8h91HG6D,2026-04-01 09:29:04.382,0,,,0,0.540725,107670,95,0,0,anthropic/claude-4.6-opus-20260205,Amazon Bedrock,standard,false,true,,tool_use,tool_calls,5396,4023,Bustly,gateway-Internal-key
gen-1775035736-AQYVzgxN8utd9ys8uUKM,2026-04-01 09:28:56.337,0,,,0,0.536415,107083,40,0,0,anthropic/claude-4.6-opus-20260205,Amazon Bedrock,standard,false,true,,end_turn,stop,4558,4396,Bustly,gateway-Internal-key
gen-1775035717-aIX5zoN3b7ZqjZx4NyJf,2026-04-01 09:28:36.963,0,,,0,0.13416,22982,770,0,0,anthropic/claude-4.6-opus-20260205,Amazon Bedrock,standard,false,true,,tool_use,tool_calls,50504,26110,Bustly,gateway-Internal-key
gen-1775035643-gpgessgWng6r9mVZ4kAQ,2026-04-01 09:27:23.424,0,,,0,0.53243,106261,45,0,0,anthropic/claude-4.6-opus-20260205,Amazon Bedrock,standard,false,true,,end_turn,stop,70338,52294,Bustly,gateway-Internal-key
gen-1775035448-HikxXEpivEKt1qxaFWHd,2026-04-01 09:24:08.544,0,,,0,0.539235,103962,777,0,0,anthropic/claude-4.6-opus-20260205,Amazon Bedrock,standard,false,true,,tool_use,tool_calls,118735,42511,Bustly,gateway-Internal-key
gen-1775035433-i3EUsqbzFzWNZp0QF22T,2026-04-01 09:23:53.096,0,,,0,0.534795,103004,791,0,0,anthropic/claude-4.6-opus-20260205,Amazon Bedrock,standard,false,true,,tool_use,tool_calls,13724,3901,Bustly,gateway-Internal-key
gen-1775035318-YbMAaLrmwvf3nCo8E96y,2026-04-01 09:21:58.295,0,,,0,0.530805,102006,831,0,0,anthropic/claude-4.6-opus-20260205,Amazon Bedrock,standard,false,true,,tool_use,tool_calls,111963,38504,Bustly,gateway-Internal-key
gen-1775035294-Ir2ow7SyORBCiPIPD2fi,2026-04-01 09:21:34.835,0,,,0,0.526395,100979,860,0,0,anthropic/claude-4.6-opus-20260205,Amazon Bedrock,standard,false,true,,tool_use,tool_calls,21668,4348,Bustly,gateway-Internal-key
gen-1775035280-o4ewdaYC7UnH8aR7ZX5W,2026-04-01 09:21:20.252,0,,,0,0.51404,100383,485,0,0,anthropic/claude-4.6-opus-20260205,Amazon Bedrock,standard,false,true,,tool_use,tool_calls,11762,4387,Bustly,gateway-Internal-key
gen-1775035271-86fUi8a0zaPx59UB1FU3,2026-04-01 09:21:11.555,0,,,0,0.50706,100037,275,0,0,anthropic/claude-4.6-opus-20260205,Amazon Bedrock,standard,false,true,,tool_use,tool_calls,5898,3782,Bustly,gateway-Internal-key
gen-1775035168-P63GUi7c8EVVhNXwXIaU,2026-04-01 09:19:28.824,0,,,0,0.75062,147529,519,0,0,anthropic/claude-4.6-opus-20260205,Amazon Bedrock,standard,false,true,,end_turn,stop,13041,5366,Bustly,gateway-Internal-key
gen-1775035165-1BEBuooC4zY7pLzHzlnK,2026-04-01 09:19:25.057,0,,,0,0.468055,90721,578,0,0,anthropic/claude-4.6-opus-20260205,Amazon Bedrock,standard,false,true,,end_turn,stop,12734,3785,Bustly,gateway-Internal-key
gen-1775035161-RuLuCIheiI4izktjSBWR,2026-04-01 09:19:21.533,0,,,0,0.739435,147422,93,0,0,anthropic/claude-4.6-opus-20260205,Amazon Bedrock,standard,false,true,,tool_use,tool_calls,5843,5163,Bustly,gateway-Internal-key
gen-1775035111-ff22Sf6K0EdPmJCKfVLD,2026-04-01 09:18:31.314,0,,,0,0.50318,99551,217,0,0,anthropic/claude-4.6-opus-20260205,Amazon Bedrock,standard,false,true,,tool_use,tool_calls,157197,38664,Bustly,gateway-Internal-key
gen-1775035097-uJi4zRvc954hNm0j2Z3A,2026-04-01 09:18:16.785,0,,,0,0.455395,90614,93,0,0,anthropic/claude-4.6-opus-20260205,Amazon Bedrock,standard,false,true,,tool_use,tool_calls,66784,44795,Bustly,gateway-Internal-key
gen-1775035027-ctfJFTa7tMm5cSkszc8c,2026-04-01 09:17:07.748,0,,,0,0.93543,137451,9927,0,0,anthropic/claude-4.6-opus-20260205,Amazon Bedrock,standard,false,true,,tool_use,tool_calls,132210,3918,Bustly,gateway-Internal-key
gen-1775035017-YXt1ChkFUQ0YLYEMm3Hw,2026-04-01 09:16:57.258,0,,,0,0.68835,136670,200,0,0,anthropic/claude-4.6-opus-20260205,Amazon Bedrock,standard,false,true,,tool_use,tool_calls,6737,5024,Bustly,gateway-Internal-key
gen-1775035011-jOIIoSSWiSCynUBJN1OH,2026-04-01 09:16:51.262,0,,,0,0.492285,97087,274,0,0,anthropic/claude-4.6-opus-20260205,Amazon Bedrock,standard,false,true,,tool_use,tool_calls,97400,35102,Bustly,gateway-Internal-key
gen-1775035005-amYyhG1mO6r8pZHjtbIC,2026-04-01 09:16:45.074,0,,,0,0.68568,136021,223,0,0,anthropic/claude-4.6-opus-20260205,Amazon Bedrock,standard,false,true,,tool_use,tool_calls,7366,4831,Bustly,gateway-Internal-key
gen-1775034999-xr7POSIU9c4jWsVsLdly,2026-04-01 09:16:39.477,0,,,0,0.483175,95640,199,0,0,anthropic/claude-4.6-opus-20260205,Amazon Bedrock,standard,false,true,,tool_use,tool_calls,7741,3858,Bustly,gateway-Internal-key
gen-1775034994-C0O92pF9OgmOgQG4vKwr,2026-04-01 09:16:32.447,0,,,0,0.677005,134881,104,0,0,anthropic/claude-4.6-opus-20260205,Amazon Bedrock,standard,false,true,,tool_use,tool_calls,6637,5624,Bustly,gateway-Internal-key
gen-1775034983-js05otwBbJRWP8LsIqUN,2026-04-01 09:16:23.083,0,,,0,0.47287,92194,476,0,0,anthropic/claude-4.6-opus-20260205,Amazon Bedrock,standard,false,true,,end_turn,stop,63950,50699,Bustly,gateway-Internal-key
gen-1775034977-0T7fMFByM5x38oRUTQ5W,2026-04-01 09:16:17.592,0,,,0,0.46274,92088,92,0,0,anthropic/claude-4.6-opus-20260205,Amazon Bedrock,standard,false,true,,tool_use,tool_calls,4246,3709,Bustly,gateway-Internal-key
gen-1775034977-pxyMVJtL4yvwLL0LukCz,2026-04-01 09:16:17.579,0,,,0,0.61895,82265,8305,0,0,anthropic/claude-4.6-opus-20260205,Amazon Bedrock,standard,false,true,,tool_use,tool_calls,115259,4235,Bustly,gateway-Internal-key
gen-1775034941-LekoKya0WdHWy0yKJVeG,2026-04-01 09:15:41.635,0,,,0,0.466185,88817,884,0,0,anthropic/claude-4.6-opus-20260205,Amazon Bedrock,standard,false,true,,tool_use,tool_calls,1526114,60961,Bustly,gateway-Internal-key
gen-1775034941-eHj73Q5QRTLrzuvyqgIV,2026-04-01 09:15:41.096,0,,,0,0.45883,79636,2426,0,0,anthropic/claude-4.6-opus-20260205,Amazon Bedrock,standard,false,true,,tool_use,tool_calls,34176,4720,Bustly,gateway-Internal-key
gen-1775034934-bNTKWj6ZU09CxWtC7Xzt,2026-04-01 09:15:33.999,0,,,0,0.40262,79384,228,0,0,anthropic/claude-4.6-opus-20260205,Amazon Bedrock,standard,false,true,,tool_use,tool_calls,5153,3449,Bustly,gateway-Internal-key
gen-1775034925-Ow8FWZKqtTJrfG6uJmvf,2026-04-01 09:15:25.677,0,,,0,0.402355,79046,285,0,0,anthropic/claude-4.6-opus-20260205,Amazon Bedrock,standard,false,true,,tool_use,tool_calls,5968,3602,Bustly,gateway-Internal-key
gen-1775034917-WtBy3xHfu1eiD4w7xcZT,2026-04-01 09:15:17.875,0,,,0,0.396255,78486,153,0,0,anthropic/claude-4.6-opus-20260205,Amazon Bedrock,standard,false,true,,tool_use,tool_calls,5099,3037,Bustly,gateway-Internal-key
gen-1775034909-1lLDsvpPaANjGJPJKPF0,2026-04-01 09:15:08.985,0,,,0,0.467625,92465,212,0,0,anthropic/claude-4.6-opus-20260205,Amazon Bedrock,standard,false,true,,tool_use,tool_calls,89034,46158,Bustly,gateway-Internal-key
gen-1775034859-K9tV7z7UPEBxT2jZKe89,2026-04-01 09:14:19.923,0,,,0,0.62444,83833,8211,0,0,anthropic/claude-4.6-opus-20260205,Amazon Bedrock,standard,false,true,,tool_use,tool_calls,116598,3372,Bustly,gateway-Internal-key
gen-1775034847-sJbOEWpcPd0le3doGTE7,2026-04-01 09:14:07.483,0,,,0,0.42483,83506,292,0,0,anthropic/claude-4.6-opus-20260205,Amazon Bedrock,standard,false,true,,tool_use,tool_calls,9451,5693,Bustly,gateway-Internal-key
gen-1775034805-zLBrezOgJoqsMgJ7wQ6A,2026-04-01 09:13:25.812,0,,,0,0.68193,134381,401,0,0,anthropic/claude-4.6-opus-20260205,Amazon Bedrock,standard,false,true,,tool_use,tool_calls,184329,73989,Bustly,gateway-Internal-key
gen-1775034798-zBRgIfGZELPbie2FSbaP,2026-04-01 09:13:18.859,0,,,0,0.832495,124064,8487,0,0,anthropic/claude-4.6-opus-20260205,Amazon Bedrock,standard,false,true,,tool_use,tool_calls,1539279,32894,Bustly,gateway-Internal-key
gen-1775034785-gLEFLQnGpdUECiakR4D4,2026-04-01 09:13:05.813,0,,,0,0.68596,133292,780,0,0,anthropic/claude-4.6-opus-20260205,Amazon Bedrock,standard,false,true,,tool_use,tool_calls,15078,7283,Bustly,gateway-Internal-key
gen-1775034783-9h0K5kVf4dzbJ8K7YdHl,2026-04-01 09:13:03.227,0,,,0,0.627595,123609,382,0,0,anthropic/claude-4.6-opus-20260205,Amazon Bedrock,standard,false,true,,tool_use,tool_calls,13628,7694,Bustly,gateway-Internal-key
gen-1775034768-JDjc0H431ONpsEH0azv8,2026-04-01 09:12:48.555,0,,,0,0.39813,77996,326,0,0,anthropic/claude-4.6-opus-20260205,Amazon Bedrock,standard,false,true,,tool_use,tool_calls,143943,65800,Bustly,gateway-Internal-key
gen-1775034765-8CIbg7f18wL8ji6vQeV0,2026-04-01 09:12:45.964,0,,,0,0.422655,83211,264,0,0,anthropic/claude-4.6-opus-20260205,Amazon Bedrock,standard,false,true,,tool_use,tool_calls,78747,19954,Bustly,gateway-Internal-key
gen-1775034763-Wta5wnC3jQRTu37ogDlU,2026-04-01 09:12:43.731,0,,,0,0.68246,131707,957,0,0,anthropic/claude-4.6-opus-20260205,Amazon Bedrock,standard,false,true,,tool_use,tool_calls,17400,4349,Bustly,gateway-Internal-key
gen-1775034758-1WDB1Zw7YInGXdwQeV89,2026-04-01 09:12:38.478,0,,,0,0.39165,77650,136,0,0,anthropic/claude-4.6-opus-20260205,Amazon Bedrock,standard,false,true,,tool_use,tool_calls,5301,2987,Bustly,gateway-Internal-key
gen-1775034753-c8HdVc2qAxQVbbRucNiP,2026-04-01 09:12:33.485,0,,,0,0.47605,91910,660,0,0,anthropic/claude-4.6-opus-20260205,Amazon Bedrock,standard,false,true,,tool_use,tool_calls,180280,62128,Bustly,gateway-Internal-key
gen-1775034750-PxVz92KTC8Aaq2utbBRM,2026-04-01 09:12:30.368,0,,,0,0.082415,15913,114,0,0,anthropic/claude-4.6-opus-20260205,Amazon Bedrock,standard,false,true,,tool_use,tool_calls,3441,2238,Bustly,gateway-Internal-key
gen-1775034747-hohE7ICI6VOsUpCDpywy,2026-04-01 09:12:27.746,0,,,0,0.42984,82193,755,0,0,anthropic/claude-4.6-opus-20260205,Amazon Bedrock,standard,false,true,,tool_use,tool_calls,13775,4192,Bustly,gateway-Internal-key
gen-1775034747-BL6vGM3FMqaqIqYhZ9kw,2026-04-01 09:12:27.265,0,,,0,0.660975,121265,2186,0,0,anthropic/claude-4.6-opus-20260205,Amazon Bedrock,standard,false,true,,tool_use,tool_calls,33651,4447,Bustly,gateway-Internal-key
gen-1775034746-vBV0zwVHXlx5Q5eyzG4O,2026-04-01 09:12:26.424,0,,,0,0.088815,15883,376,0,0,anthropic/claude-4.6-opus-20260205,Amazon Bedrock,standard,false,true,,tool_use,tool_calls,5608,2108,Bustly,gateway-Internal-key
gen-1775034738-ql2RekjsmFZA5SZ0j10O,2026-04-01 09:12:18.917,0,,,0,0.392605,77711,162,0,0,anthropic/claude-4.6-opus-20260205,Amazon Bedrock,standard,false,true,,tool_use,tool_calls,6307,3299,Bustly,gateway-Internal-key
gen-1775034730-QMqbhARk4ZuQgZtOmUqD,2026-04-01 09:12:10.409,0,,,0,0.08304,15958,130,0,0,anthropic/claude-4.6-opus-20260205,Amazon Bedrock,standard,false,true,,tool_use,tool_calls,3689,2146,Bustly,gateway-Internal-key
gen-1775034725-Row3pkikRg6MD9CqTIAu,2026-04-01 09:12:05.015,0,,,0,0.06725,13015,87,0,0,anthropic/claude-4.6-opus-20260205,Amazon Bedrock,standard,false,true,,tool_use,tool_calls,3789,2532,Bustly,gateway-Internal-key
gen-1775034722-zf5O0f7UazXW2SHIk0ky,2026-04-01 09:12:02.075,0,,,0,0.10464,17963,593,0,0,anthropic/claude-4.6-opus-20260205,Amazon Bedrock,standard,false,true,,tool_use,tool_calls,9285,2239,Bustly,gateway-Internal-key
gen-1775034720-fQVptIs94yZJWbo54GOJ,2026-04-01 09:12:00.450,0.067225,,,0,0,12960,97,0,0,anthropic/claude-4.6-opus-20260205,Azure,standard,false,true,,tool_use,tool_calls,7763,6247,Bustly,gateway-Internal-key
gen-1775034718-SVs0IxSX4jnEJtIiDQ8c,2026-04-01 09:11:58.427,0,,,0,0.10363,18091,527,0,0,anthropic/claude-4.6-opus-20260205,Amazon Bedrock,standard,false,true,,tool_use,tool_calls,8297,2531,Bustly,gateway-Internal-key
gen-1775034715-jnkoNMGRwH0xZgJLtBaC,2026-04-01 09:11:55.618,0,,,0,0.068815,12988,155,0,0,anthropic/claude-4.6-opus-20260205,Amazon Bedrock,standard,false,true,,tool_use,tool_calls,4829,4113,Bustly,gateway-Internal-key
gen-1775034712-ZxDyuKcCpvVEZpy0nn1Z,2026-04-01 09:11:52.836,0.066975,,,0,0,12935,92,0,0,anthropic/claude-4.6-opus-20260205,Azure,standard,false,true,,tool_use,tool_calls,11532,9919,Bustly,gateway-Internal-key
gen-1775034711-xDL3rhn6mLNqwqWf9pE4,2026-04-01 09:11:51.517,0,,,0,0.069555,13111,160,0,0,anthropic/claude-4.6-opus-20260205,Amazon Bedrock,standard,false,true,,tool_use,tool_calls,4333,2158,Bustly,gateway-Internal-key
gen-1775032013-j5o0ATGMarhfMA4OHubL,2026-04-01 08:26:53.792,0,,,0,0.479185,93332,501,0,0,anthropic/claude-4.6-opus-20260205,Amazon Bedrock,standard,false,true,,end_turn,stop,12124,4618,Bustly,gateway-Internal-key
gen-1775032008-qIni97mqVOD93LOq0Kq1,2026-04-01 08:26:48.136,0,,,0,0.46843,93226,92,0,0,anthropic/claude-4.6-opus-20260205,Amazon Bedrock,standard,false,true,,tool_use,tool_calls,4013,3449,Bustly,gateway-Internal-key
gen-1775031893-4SJQG4wqNEH2wvc39KZG,2026-04-01 08:24:53.836,0,,,0,0.62481,85237,7945,0,0,anthropic/claude-4.6-opus-20260205,Amazon Bedrock,standard,false,true,,tool_use,tool_calls,111510,2826,Bustly,gateway-Internal-key
gen-1775031884-AOCaEg6emI4urBRYAC47,2026-04-01 08:24:44.958,0,,,0,0.75197,148029,473,0,0,anthropic/claude-4.6-opus-20260205,Amazon Bedrock,standard,false,true,,end_turn,stop,12529,4948,Bustly,gateway-Internal-key
gen-1775031879-4iGgm4bA0RLT22PdNGPX,2026-04-01 08:24:39.120,0,,,0,0.741855,147926,89,0,0,anthropic/claude-4.6-opus-20260205,Amazon Bedrock,standard,false,true,,tool_use,tool_calls,4682,4173,Bustly,gateway-Internal-key
gen-1775031866-Xnjwh62Vj7JidzZh4aUN,2026-04-01 08:24:26.537,0,,,0,0.43913,85641,437,0,0,anthropic/claude-4.6-opus-20260205,Amazon Bedrock,standard,false,true,,end_turn,stop,11350,3989,Bustly,gateway-Internal-key
gen-1775031785-GnliJzoGEq3hCieAXFRG,2026-04-01 08:23:05.759,0,,,0,0.790575,155470,529,0,0,anthropic/claude-4.6-opus-20260205,Amazon Bedrock,standard,false,true,,end_turn,stop,12340,4470,Bustly,gateway-Internal-key
gen-1775031785-AS5cKvajgJwb7t5bvaMu,2026-04-01 08:23:05.483,0.429995,,,0,0,85534,93,0,0,anthropic/claude-4.6-opus-20260205,Azure,standard,false,true,,tool_use,tool_calls,7181,6674,Bustly,gateway-Internal-key
gen-1775031778-05PWJbwIvbeYM7NpaPOP,2026-04-01 08:22:57.145,0,,,0,0.77912,155364,92,0,0,anthropic/claude-4.6-opus-20260205,Amazon Bedrock,standard,false,true,,tool_use,tool_calls,5700,5297,Bustly,gateway-Internal-key
gen-1775031769-DGFrlZ2DpT8yb7Nsx0b3,2026-04-01 08:22:48.934,0,,,0,0.891205,140296,7589,0,0,anthropic/claude-4.6-opus-20260205,Amazon Bedrock,standard,false,true,,tool_use,tool_calls,108727,4340,Bustly,gateway-Internal-key
gen-1775031664-rhyXdOiUXLTnSQHqiki5,2026-04-01 08:21:04.179,0,,,0,0.73745,145055,487,0,0,anthropic/claude-4.6-opus-20260205,Amazon Bedrock,standard,false,true,,end_turn,stop,14030,5974,Bustly,gateway-Internal-key
gen-1775031657-Jor94HMP1LA4D8lF6aTm,2026-04-01 08:20:57.964,0,,,0,0.727065,144948,93,0,0,anthropic/claude-4.6-opus-20260205,Amazon Bedrock,standard,false,true,,tool_use,tool_calls,4790,4245,Bustly,gateway-Internal-key
gen-1775031652-IrkIdgcTzTXLgBB5SeaJ,2026-04-01 08:20:52.613,0,,,0,0.946025,146850,8471,0,0,anthropic/claude-4.6-opus-20260205,Amazon Bedrock,standard,false,true,,tool_use,tool_calls,123325,6271,Bustly,gateway-Internal-key
gen-1775031634-C4T2WDAEgiGhS7nyjk8a,2026-04-01 08:20:34.244,0,,,0,0.74334,145678,598,0,0,anthropic/claude-4.6-opus-20260205,Amazon Bedrock,standard,false,true,,tool_use,tool_calls,11923,5262,Bustly,gateway-Internal-key
gen-1775031611-aJWW4SCWmkoCgr2lzi4z,2026-04-01 08:20:10.758,0,,,0,0.746225,143660,1117,0,0,anthropic/claude-4.6-opus-20260205,Amazon Bedrock,standard,false,true,,tool_use,tool_calls,17149,4059,Bustly,gateway-Internal-key
gen-1775031565-azT75TfAOfDOm7JJ8ORj,2026-04-01 08:19:25.539,0.65319,,,0,0,74203,11287,0,0,anthropic/claude-4.6-opus-20260205,Azure,standard,false,true,,tool_use,tool_calls,154922,6756,Bustly,gateway-Internal-key
gen-1775031557-Ko97jLAyGeoVDixDe14m,2026-04-01 08:19:17.462,0,,,0,0.36984,73298,134,0,0,anthropic/claude-4.6-opus-20260205,Amazon Bedrock,standard,false,true,,tool_use,tool_calls,5328,3205,Bustly,gateway-Internal-key
gen-1775031535-d2kNQ7lb1uePq3qLuTaU,2026-04-01 08:18:55.731,0,,,0,0.65539,126633,889,0,0,anthropic/claude-4.6-opus-20260205,Amazon Bedrock,standard,false,true,,tool_use,tool_calls,20156,4787,Bustly,gateway-Internal-key
gen-1775031525-oUyJ7VKB99tcZm4GF9eq,2026-04-01 08:18:45.145,0,,,0,0.92702,134779,10125,0,0,anthropic/claude-4.6-opus-20260205,Amazon Bedrock,standard,false,true,,tool_use,tool_calls,131661,4175,Bustly,gateway-Internal-key
gen-1775031501-rTzpI1l2L1D342W76lml,2026-04-01 08:18:21.848,0,,,0,0.441745,83954,879,0,0,anthropic/claude-4.6-opus-20260205,Amazon Bedrock,standard,false,true,,tool_use,tool_calls,384761,66186,Bustly,gateway-Internal-key
gen-1775031486-uVe2uWqk2e7lBMcEfe8S,2026-04-01 08:18:06.459,0,,,0,0.727915,131748,2767,0,0,anthropic/claude-4.6-opus-20260205,Amazon Bedrock,standard,false,true,,tool_use,tool_calls,37103,5788,Bustly,gateway-Internal-key
gen-1775031475-g66cxZMdFgmQeevsITBo,2026-04-01 08:17:55.316,0.70709,,,0,0,139758,332,0,0,anthropic/claude-4.6-opus-20260205,Azure,standard,false,true,,tool_use,tool_calls,13943,8357,Bustly,gateway-Internal-key
gen-1775031476-vth2kF8qmCZQLd9oXG9h,2026-04-01 08:17:55.298,0,,,0,0.39078,77321,167,0,0,anthropic/claude-4.6-opus-20260205,Amazon Bedrock,standard,false,true,,tool_use,tool_calls,6799,3932,Bustly,gateway-Internal-key
gen-1775031475-z4mrBUDs9ApMbwS3gfKU,2026-04-01 08:17:55.288,0,,,0,0.71215,139695,547,0,0,anthropic/claude-4.6-opus-20260205,Amazon Bedrock,standard,false,true,,tool_use,tool_calls,290898,81925,Bustly,gateway-Internal-key
gen-1775031475-9zDzagQmJUvE5URN7JiW,2026-04-01 08:17:55.276,0,,,0,0.440535,82267,1168,0,0,anthropic/claude-4.6-opus-20260205,Amazon Bedrock,standard,false,true,,tool_use,tool_calls,17970,3993,Bustly,gateway-Internal-key
gen-1775031457-SbT3c0x6xVnu8tPm8hzK,2026-04-01 08:17:37.248,0,,,0,0.423275,81445,642,0,0,anthropic/claude-4.6-opus-20260205,Amazon Bedrock,standard,false,true,,tool_use,tool_calls,70078,55658,Bustly,gateway-Internal-key
gen-1775031430-Kn1xNt6kGoj5qNsItS68,2026-04-01 08:17:10.694,0,,,0,0.111065,19833,476,0,0,anthropic/claude-4.6-opus-20260205,Amazon Bedrock,standard,false,true,,tool_use,tool_calls,10790,2873,Bustly,gateway-Internal-key
gen-1775031428-cO8ydOCqnEQFEEkZsSY3,2026-04-01 08:17:08.871,0,,,0,0.87375,139695,7011,0,0,anthropic/claude-4.6-opus-20260205,Amazon Bedrock,standard,false,true,,tool_use,tool_calls,115155,6175,Bustly,gateway-Internal-key
gen-1775031418-P7ZtH1giG6Kh0V0nj7nU,2026-04-01 08:16:58.462,0.39053,,,0,0,77321,157,0,0,anthropic/claude-4.6-opus-20260205,Azure,standard,false,true,,tool_use,tool_calls,17972,14953,Bustly,gateway-Internal-key
gen-1775031418-aIgc2rjuUYWVw6q2sCGy,2026-04-01 08:16:58.458,0,,,0,0.707065,139758,331,0,0,anthropic/claude-4.6-opus-20260205,Amazon Bedrock,standard,false,true,,tool_use,tool_calls,171617,79249,Bustly,gateway-Internal-key
gen-1775031414-ZeCRY0eaSaeERrZ22peo,2026-04-01 08:16:54.457,0,,,0,0.441885,82267,1222,0,0,anthropic/claude-4.6-opus-20260205,Amazon Bedrock,standard,false,true,,tool_use,tool_calls,162595,64799,Bustly,gateway-Internal-key
gen-1775031402-LKBkSRNYfn4zyWz7d1XL,2026-04-01 08:16:42.483,0,,,0,0.11218,19701,547,0,0,anthropic/claude-4.6-opus-20260205,Amazon Bedrock,standard,false,true,,tool_use,tool_calls,8083,2213,Bustly,gateway-Internal-key
gen-1775031395-nRASZnwReLUlTDriu8II,2026-04-01 08:16:35.384,0,,,0,0.088705,15656,417,0,0,anthropic/claude-4.6-opus-20260205,Amazon Bedrock,standard,false,true,,tool_use,tool_calls,6499,2543,Bustly,gateway-Internal-key
gen-1775031394-eQ84McCLPgLrkfv8kq78,2026-04-01 08:16:34.901,0.09279,,,0,0,17708,170,0,0,anthropic/claude-4.6-opus-20260205,Azure,standard,false,true,,tool_use,tool_calls,4704,2338,Bustly,gateway-Internal-key
gen-1775031389-pTyU6X54nuTxyFSoHy5S,2026-04-01 08:16:29.209,0,,,0,0.068265,12958,139,0,0,anthropic/claude-4.6-opus-20260205,Amazon Bedrock,standard,false,true,,tool_use,tool_calls,4702,2065,Bustly,gateway-Internal-key
gen-1775031387-yDwffTiWS0PYyD9hlXDV,2026-04-01 08:16:27.263,0,,,0,0.09181,17592,154,0,0,anthropic/claude-4.6-opus-20260205,Amazon Bedrock,standard,false,true,,tool_use,tool_calls,5185,3341,Bustly,gateway-Internal-key
gen-1775031386-1AGDUlorMtJnqWYpNBua,2026-04-01 08:16:26.087,0,,,0,0.10254,17793,543,0,0,anthropic/claude-4.6-opus-20260205,Amazon Bedrock,standard,false,true,,tool_use,tool_calls,7956,2468,Bustly,gateway-Internal-key
gen-1775031385-S25FTRKAuiJL1S9yWdIo,2026-04-01 08:16:25.528,0,,,0,0.069515,12933,194,0,0,anthropic/claude-4.6-opus-20260205,Amazon Bedrock,standard,false,true,,tool_use,tool_calls,5964,3037,Bustly,gateway-Internal-key
gen-1775031385-vGpBxfOhk1Z1M2lEvg6P,2026-04-01 08:16:25.520,0.08117,,,0,0,15564,134,0,0,anthropic/claude-4.6-opus-20260205,Azure,standard,false,true,,tool_use,tool_calls,4586,2609,Bustly,gateway-Internal-key
gen-1775031381-qp1BgTjsdnw4t4wAmTbs,2026-04-01 08:16:21.314,0,,,0,0.069355,12986,177,0,0,anthropic/claude-4.6-opus-20260205,Amazon Bedrock,standard,false,true,,tool_use,tool_calls,4432,2422,Bustly,gateway-Internal-key
gen-1775031379-eGPW6EXzp5hAqt7qSBXg,2026-04-01 08:16:19.437,0,,,0,0.067215,13013,86,0,0,anthropic/claude-4.6-opus-20260205,Amazon Bedrock,standard,false,true,,tool_use,tool_calls,4031,2826,Bustly,gateway-Internal-key
gen-1775031379-sCvqnG4JUVpfpAptPwZA,2026-04-01 08:16:18.968,0,,,0,0.07017,13109,185,0,0,anthropic/claude-4.6-opus-20260205,Amazon Bedrock,standard,false,true,,tool_use,tool_calls,4722,2393,Bustly,gateway-Internal-key
gen-1775030305-K3Cj1kfHPLWAHTCs6HsM,2026-04-01 07:58:25.060,0,,,0,0.436615,82298,1005,0,0,anthropic/claude-4.6-opus-20260205,Amazon Bedrock,standard,false,true,,tool_use,tool_calls,230153,67873,Bustly,gateway-Internal-key
gen-1775030293-uQZvngnTaVZDHAtKY1ZH,2026-04-01 07:58:13.366,0,,,0,0.417005,81961,288,0,0,anthropic/claude-4.6-opus-20260205,Amazon Bedrock,standard,false,true,,tool_use,tool_calls,6638,3287,Bustly,gateway-Internal-key
gen-1775030206-wiEHvswPyPkHd9zhKvVg,2026-04-01 07:56:46.125,0,,,0,0.722605,132696,2365,0,0,anthropic/claude-4.6-opus-20260205,Amazon Bedrock,standard,false,true,,tool_use,tool_calls,1032642,113588,Bustly,gateway-Internal-key
gen-1775030196-giSACukfZBkRqlW5Vlc8,2026-04-01 07:56:36.338,0.411425,,,0,0,81685,120,0,0,anthropic/claude-4.6-opus-20260205,Azure,standard,false,true,,tool_use,tool_calls,9209,7683,Bustly,gateway-Internal-key
gen-1775030183-yCnuXICKtQuGvNLktFpY,2026-04-01 07:56:23.179,0,,,0,0.49646,96577,543,0,0,anthropic/claude-4.6-opus-20260205,Amazon Bedrock,standard,false,true,,end_turn,stop,12362,4126,Bustly,gateway-Internal-key
gen-1775030175-WD1lKO9Cf0XPvcOHNiaj,2026-04-01 07:56:15.467,0,,,0,0.484615,96473,90,0,0,anthropic/claude-4.6-opus-20260205,Amazon Bedrock,standard,false,true,,tool_use,tool_calls,5706,5025,Bustly,gateway-Internal-key
gen-1775030171-xqEMx6KTQu71e3QdZ446,2026-04-01 07:56:11.736,0,,,0,0.399045,79289,104,0,0,anthropic/claude-4.6-opus-20260205,Amazon Bedrock,standard,false,true,,tool_use,tool_calls,19881,13681,Bustly,gateway-Internal-key
gen-1775030166-qwmv6G5sYBfNormH7hgE,2026-04-01 07:56:06.026,0,,,0,0.511355,99786,497,0,0,anthropic/claude-4.6-opus-20260205,Amazon Bedrock,standard,false,true,,end_turn,stop,13033,3832,Bustly,gateway-Internal-key
gen-1775030160-9WQTRXUEJPHIx1QgKnJl,2026-04-01 07:56:00.549,0,,,0,0.09107,17529,137,0,0,anthropic/claude-4.6-opus-20260205,Amazon Bedrock,standard,false,true,,tool_use,tool_calls,5774,2409,Bustly,gateway-Internal-key
gen-1775030133-zh4uPN4jA28Sg9pE20zt,2026-04-01 07:55:33.132,0.076685,,,0,0,14997,68,0,0,anthropic/claude-4.6-opus-20260205,Azure,standard,false,true,,tool_use,tool_calls,2994,2880,Bustly,gateway-Internal-key
gen-1775030104-mo5A4xes6123MnY27arh,2026-04-01 07:55:04.763,0.066955,,,0,0,12986,81,0,0,anthropic/claude-4.6-opus-20260205,Azure,standard,false,true,,tool_use,tool_calls,5454,3995,Bustly,gateway-Internal-key
gen-1775030090-OeMcK06FmDMtg4BDhReP,2026-04-01 07:54:50.701,0,,,0,0.77939,153188,538,0,0,anthropic/claude-4.6-opus-20260205,Amazon Bedrock,standard,false,true,,end_turn,stop,12852,4151,Bustly,gateway-Internal-key
gen-1775030083-xK5LyLVgpXWHg84oH197,2026-04-01 07:54:43.408,0,,,0,0.76773,153081,93,0,0,anthropic/claude-4.6-opus-20260205,Amazon Bedrock,standard,false,true,,tool_use,tool_calls,5991,5546,Bustly,gateway-Internal-key
gen-1775030077-cX7WBLjhOZomd23gv9em,2026-04-01 07:54:37.238,0.50072,,,0,0,99679,93,0,0,anthropic/claude-4.6-opus-20260205,Azure,standard,false,true,,tool_use,tool_calls,5764,5322,Bustly,gateway-Internal-key
gen-1775030007-H03edoCkaSP4iM89YiEp,2026-04-01 07:53:27.967,0,,,0,0.39554,78268,168,0,0,anthropic/claude-4.6-opus-20260205,Amazon Bedrock,standard,false,true,,tool_use,tool_calls,194554,73784,Bustly,gateway-Internal-key
gen-1775029974-7zAA8CjVnzcxlFtpkxCj,2026-04-01 07:52:53.288,0.085645,,,0,0,16524,121,0,0,anthropic/claude-4.6-opus-20260205,Azure,standard,false,true,,tool_use,tool_calls,3472,2295,Bustly,gateway-Internal-key
gen-1775029972-HwlQTiUYdObaefF9gOXi,2026-04-01 07:52:52.069,0.679355,,,0,0,86571,9860,0,0,anthropic/claude-4.6-opus-20260205,Azure,standard,false,true,,tool_use,tool_calls,132086,4067,Bustly,gateway-Internal-key
gen-1775029966-cdawYMBTe7uNbTTgu3sq,2026-04-01 07:52:46.115,0,,,0,0.932545,144669,8368,0,0,anthropic/claude-4.6-opus-20260205,Amazon Bedrock,standard,false,true,,tool_use,tool_calls,116130,6565,Bustly,gateway-Internal-key
gen-1775029941-pcjkbY0R4TuPFoI5JqKO,2026-04-01 07:52:21.809,0.08061,,,0,0,15567,111,0,0,anthropic/claude-4.6-opus-20260205,Azure,standard,false,true,,tool_use,tool_calls,4550,3120,Bustly,gateway-Internal-key
gen-1775029935-FIRDFsPQdwwifXcn9lZ4,2026-04-01 07:52:15.046,0,,,0,0.06729,13013,89,0,0,anthropic/claude-4.6-opus-20260205,Amazon Bedrock,standard,false,true,,tool_use,tool_calls,5303,2786,Bustly,gateway-Internal-key
gen-1775029909-H75gElMKnZA4lPtnAG7B,2026-04-01 07:51:49.031,0,,,0,0.466935,84787,1720,0,0,anthropic/claude-4.6-opus-20260205,Amazon Bedrock,standard,false,true,,tool_use,tool_calls,61429,3429,Bustly,gateway-Internal-key
gen-1775029882-DcZH1ZLOQ8HiodCyBEn6,2026-04-01 07:51:22.242,0.663555,,,0,0,91366,8269,0,0,anthropic/claude-4.6-opus-20260205,Azure,standard,false,true,,tool_use,tool_calls,117779,4683,Bustly,gateway-Internal-key
gen-1775029879-FROsNI8ZQgaP7eMgfOrK,2026-04-01 07:51:19.141,0,,,0,0.44283,81336,1446,0,0,anthropic/claude-4.6-opus-20260205,Amazon Bedrock,standard,false,true,,tool_use,tool_calls,21227,3238,Bustly,gateway-Internal-key
gen-1775029854-FGbXtmRHEokE3xC3KD53,2026-04-01 07:50:54.043,0,,,0,0.109635,19622,461,0,0,anthropic/claude-4.6-opus-20260205,Amazon Bedrock,standard,false,true,,tool_use,tool_calls,7337,2380,Bustly,gateway-Internal-key
gen-1775029840-pg2cTk4y5tOAnpeWVWtH,2026-04-01 07:50:40.751,0,,,0,0.091515,17508,159,0,0,anthropic/claude-4.6-opus-20260205,Amazon Bedrock,standard,false,true,,tool_use,tool_calls,6660,2894,Bustly,gateway-Internal-key
gen-1775029836-AMTxN0JUq7gmOgl4F8ZW,2026-04-01 07:50:36.384,0.72975,,,0,0,143910,408,0,0,anthropic/claude-4.6-opus-20260205,Azure,standard,false,true,,tool_use,tool_calls,11802,6183,Bustly,gateway-Internal-key
gen-1775029818-oNyA2Tk1gK5Ycp2xQu8C,2026-04-01 07:50:18.292,0,,,0,0.451675,89400,187,0,0,anthropic/claude-4.6-opus-20260205,Amazon Bedrock,standard,false,true,,tool_use,tool_calls,124276,72591,Bustly,gateway-Internal-key
gen-1775029813-SrRqerp6zPK5ytEXdxAY,2026-04-01 07:50:13.646,0.068315,,,0,0,12933,146,0,0,anthropic/claude-4.6-opus-20260205,Azure,standard,false,true,,tool_use,tool_calls,5096,3011,Bustly,gateway-Internal-key
gen-1775029812-B4u9Geki4EyU5SstdSpa,2026-04-01 07:50:12.520,0,,,0,0.74184,141788,1316,0,0,anthropic/claude-4.6-opus-20260205,Amazon Bedrock,standard,false,true,,tool_use,tool_calls,19190,3943,Bustly,gateway-Internal-key
gen-1775029807-Wb6SGuswda5nYUkQFxfR,2026-04-01 07:50:07.578,0,,,0,0.451215,89143,220,0,0,anthropic/claude-4.6-opus-20260205,Amazon Bedrock,standard,false,true,,tool_use,tool_calls,7925,4024,Bustly,gateway-Internal-key
gen-1775029796-cxsEPkgPbOii8y9QWBQy,2026-04-01 07:49:56.804,0,,,0,0.717025,140700,541,0,0,anthropic/claude-4.6-opus-20260205,Amazon Bedrock,standard,false,true,,tool_use,tool_calls,10550,4479,Bustly,gateway-Internal-key
gen-1775029782-7gFtqAl25CrZJJkr7vaB,2026-04-01 07:49:42.930,0,,,0,0.701115,139183,208,0,0,anthropic/claude-4.6-opus-20260205,Amazon Bedrock,standard,false,true,,tool_use,tool_calls,7401,3790,Bustly,gateway-Internal-key
gen-1775029763-E7PplEmFEt8nVwZDJ63M,2026-04-01 07:49:23.248,0,,,0,0.467805,90771,558,0,0,anthropic/claude-4.6-opus-20260205,Amazon Bedrock,standard,false,true,,tool_use,tool_calls,117715,57660,Bustly,gateway-Internal-key
gen-1775029758-SQhtIuK4bXj556xi35uS,2026-04-01 07:49:18.791,0,,,0,0.093,16615,397,0,0,anthropic/claude-4.6-opus-20260205,Amazon Bedrock,standard,false,true,,tool_use,tool_calls,6146,2200,Bustly,gateway-Internal-key
gen-1775029750-R5j91bcDIzkUDK6HJCnw,2026-04-01 07:49:10.265,0,,,0,0.081085,15657,112,0,0,anthropic/claude-4.6-opus-20260205,Amazon Bedrock,standard,false,true,,tool_use,tool_calls,4651,2974,Bustly,gateway-Internal-key
gen-1775029743-g4vrKVuM7oUjYX7MRDbe,2026-04-01 07:49:03.494,0,,,0,0.424525,82010,579,0,0,anthropic/claude-4.6-opus-20260205,Amazon Bedrock,standard,false,true,,tool_use,tool_calls,11364,4253,Bustly,gateway-Internal-key
gen-1775029722-0HrYhRukh4mbmJGeyYOk,2026-04-01 07:48:41.914,0.06829,,,0,0,12958,140,0,0,anthropic/claude-4.6-opus-20260205,Azure,standard,false,true,,tool_use,tool_calls,5158,2805,Bustly,gateway-Internal-key
gen-1775029719-W4pPvx2pJHazJoWOdfFb,2026-04-01 07:48:39.402,0.395365,,,0,0,78228,169,0,0,anthropic/claude-4.6-opus-20260205,Azure,standard,false,true,,tool_use,tool_calls,7426,4087,Bustly,gateway-Internal-key
gen-1775029697-zaUUqBiTDjJsuzs9dUPF,2026-04-01 07:48:17.721,0,,,0,0.439505,85636,453,0,0,anthropic/claude-4.6-opus-20260205,Amazon Bedrock,standard,false,true,,end_turn,stop,19092,4320,Bustly,gateway-Internal-key
gen-1775029690-xLZvUbpLI0G8Xz8V6ycQ,2026-04-01 07:48:10.846,0.100755,,,0,0,17701,490,0,0,anthropic/claude-4.6-opus-20260205,Azure,standard,false,true,,tool_use,tool_calls,7448,2882,Bustly,gateway-Internal-key
gen-1775029689-oaXpHnXzxyaYSKz5mNWv,2026-04-01 07:48:09.864,0,,,0,0.42981,85537,85,0,0,anthropic/claude-4.6-opus-20260205,Amazon Bedrock,standard,false,true,,tool_use,tool_calls,5996,5425,Bustly,gateway-Internal-key
gen-1775029686-gwAl6spBq3nFIgftj2M7,2026-04-01 07:48:06.178,0.085585,,,0,0,16477,128,0,0,anthropic/claude-4.6-opus-20260205,Azure,standard,false,true,,tool_use,tool_calls,4372,3159,Bustly,gateway-Internal-key
gen-1775029685-VWxtbZIWqNyAMbK74rPN,2026-04-01 07:48:05.057,0,,,0,0.06962,13109,163,0,0,anthropic/claude-4.6-opus-20260205,Amazon Bedrock,standard,false,true,,tool_use,tool_calls,4495,2116,Bustly,gateway-Internal-key
gen-1775029654-ADNrpJGpOyGpi634PEjs,2026-04-01 07:47:34.685,0.080315,,,0,0,15523,108,0,0,anthropic/claude-4.6-opus-20260205,Azure,standard,false,true,,tool_use,tool_calls,4123,2636,Bustly,gateway-Internal-key
gen-1775029650-PQbhGBuL2R4fhpz1EKnW,2026-04-01 07:47:30.024,0,,,0,0.06705,12970,88,0,0,anthropic/claude-4.6-opus-20260205,Amazon Bedrock,standard,false,true,,tool_use,tool_calls,3328,2099,Bustly,gateway-Internal-key
gen-1775029526-Wmh55inFmcUIQQAwQgNp,2026-04-01 07:45:26.027,0.54894,,,0,0,79428,6072,0,0,anthropic/claude-4.6-opus-20260205,Azure,standard,false,true,,tool_use,tool_calls,83954,4824,Bustly,gateway-Internal-key
gen-1775029394-WuqD2nUjScFa4W9KVyxY,2026-04-01 07:43:14.888,0,,,0,0.44304,86448,432,0,0,anthropic/claude-4.6-opus-20260205,Amazon Bedrock,standard,false,true,,end_turn,stop,252675,57101,Bustly,gateway-Internal-key
gen-1775029389-J7yiYDcJHYxKpvtWOSc4,2026-04-01 07:43:09.090,0,,,0,0.43397,86344,90,0,0,anthropic/claude-4.6-opus-20260205,Amazon Bedrock,standard,false,true,,tool_use,tool_calls,4362,3800,Bustly,gateway-Internal-key
gen-1775029382-rw2rirpXiMgMqQOFgC81,2026-04-01 07:43:02.238,0,,,0,0.46008,84366,1530,0,0,anthropic/claude-4.6-opus-20260205,Amazon Bedrock,standard,false,true,,tool_use,tool_calls,283790,73473,Bustly,gateway-Internal-key
gen-1775029360-ePGOJLj2P79QzkVQi40b,2026-04-01 07:42:40.331,0,,,0,0.443185,83122,1103,0,0,anthropic/claude-4.6-opus-20260205,Amazon Bedrock,standard,false,true,,tool_use,tool_calls,16653,3769,Bustly,gateway-Internal-key
gen-1775029340-hA1wTMVPB42r2ltDmkkM,2026-04-01 07:42:20.827,0,,,0,0.446675,76730,2521,0,0,anthropic/claude-4.6-opus-20260205,Amazon Bedrock,standard,false,true,,tool_use,tool_calls,183159,61834,Bustly,gateway-Internal-key
gen-1775029319-bQdXfGxer00Xgc0wlXZB,2026-04-01 07:41:59.647,0,,,0,0.604895,88444,6507,0,0,anthropic/claude-4.6-opus-20260205,Amazon Bedrock,standard,false,true,,tool_use,tool_calls,556343,84470,Bustly,gateway-Internal-key
gen-1775029305-GhTRzUiHcvojg3pAOCro,2026-04-01 07:41:45.890,0,,,0,0.39367,77984,150,0,0,anthropic/claude-4.6-opus-20260205,Amazon Bedrock,standard,false,true,,tool_use,tool_calls,7050,4408,Bustly,gateway-Internal-key
gen-1775029298-EZrTSocy7eVMaFmX4uzU,2026-04-01 07:41:38.128,0,,,0,0.56577,79589,6713,0,0,anthropic/claude-4.6-opus-20260205,Amazon Bedrock,standard,false,true,,tool_use,tool_calls,89563,4261,Bustly,gateway-Internal-key
gen-1775029286-XCf7z12Gs6RPh1Jjx1Mp,2026-04-01 07:41:26.299,0,,,0,0.08999,17413,117,0,0,anthropic/claude-4.6-opus-20260205,Amazon Bedrock,standard,false,true,,tool_use,tool_calls,4184,2714,Bustly,gateway-Internal-key
gen-1775029279-va2BOMReWyAGECZc8TGt,2026-04-01 07:41:19.001,0,,,0,0.08866,17187,109,0,0,anthropic/claude-4.6-opus-20260205,Amazon Bedrock,standard,false,true,,tool_use,tool_calls,3678,2743,Bustly,gateway-Internal-key
gen-1775029274-ynWvgt5Xy5vLKleZvZML,2026-04-01 07:41:14.431,0,,,0,0.085315,16613,90,0,0,anthropic/claude-4.6-opus-20260205,Amazon Bedrock,standard,false,true,,tool_use,tool_calls,3235,2642,Bustly,gateway-Internal-key
gen-1775029274-KjRQ5gTayiU2l3UO7PRL,2026-04-01 07:41:14.406,0.081305,,,0,0,15841,84,0,0,anthropic/claude-4.6-opus-20260205,Azure,standard,false,true,,tool_use,tool_calls,3843,2989,Bustly,gateway-Internal-key
gen-1775029269-NRWZJ8JpiyR7vhA6IMwS,2026-04-01 07:41:08.709,0.40554,,,0,0,80193,183,0,0,anthropic/claude-4.6-opus-20260205,Azure,standard,false,true,,tool_use,tool_calls,7636,4633,Bustly,gateway-Internal-key
gen-1775029259-QFqbFHooDAe4lHipgsSH,2026-04-01 07:40:59.362,0,,,0,0.085325,16440,125,0,0,anthropic/claude-4.6-opus-20260205,Amazon Bedrock,standard,false,true,,tool_use,tool_calls,3651,2347,Bustly,gateway-Internal-key
gen-1775029250-mQkdYPQkmKCRGbxQfaXe,2026-04-01 07:40:50.433,0.402745,,,0,0,80004,109,0,0,anthropic/claude-4.6-opus-20260205,Azure,standard,false,true,,tool_use,tool_calls,5398,3547,Bustly,gateway-Internal-key
gen-1775029242-kVOjk4MPNygIJANIoxl3,2026-04-01 07:40:42.203,0.08094,,,0,0,15608,116,0,0,anthropic/claude-4.6-opus-20260205,Azure,standard,false,true,,tool_use,tool_calls,4678,3234,Bustly,gateway-Internal-key
gen-1775029242-5Pz1PWTGkDdZlM5p94b7,2026-04-01 07:40:42.187,0,,,0,0.092555,16571,388,0,0,anthropic/claude-4.6-opus-20260205,Amazon Bedrock,standard,false,true,,tool_use,tool_calls,6613,2963,Bustly,gateway-Internal-key
gen-1775029231-nlo6jC9TsKr3Kc3GRY02,2026-04-01 07:40:31.845,0,,,0,0.081015,15623,116,0,0,anthropic/claude-4.6-opus-20260205,Amazon Bedrock,standard,false,true,,tool_use,tool_calls,3614,2202,Bustly,gateway-Internal-key
gen-1775029230-fUD7NnFQAVUKMKgwam0T,2026-04-01 07:40:30.687,0,,,0,0.0877,15620,384,0,0,anthropic/claude-4.6-opus-20260205,Amazon Bedrock,standard,false,true,,tool_use,tool_calls,6152,2197,Bustly,gateway-Internal-key
gen-1775029227-nryE5vQBCFrd5TJHtokC,2026-04-01 07:40:27.481,0.0802,,,0,0,15500,108,0,0,anthropic/claude-4.6-opus-20260205,Azure,standard,false,true,,tool_use,tool_calls,5111,3990,Bustly,gateway-Internal-key
gen-1775029225-kFuCterXq2KNIoj1Iyoi,2026-04-01 07:40:25.910,0,,,0,0.06749,13073,85,0,0,anthropic/claude-4.6-opus-20260205,Amazon Bedrock,standard,false,true,,tool_use,tool_calls,4238,2993,Bustly,gateway-Internal-key
gen-1775029224-nP5qypWOHy7PCuwkggBR,2026-04-01 07:40:24.069,0,,,0,0.068185,12917,144,0,0,anthropic/claude-4.6-opus-20260205,Amazon Bedrock,standard,false,true,,tool_use,tool_calls,5014,2640,Bustly,gateway-Internal-key
gen-1775029221-kCW7lsVxIr2wqVW9DNSa,2026-04-01 07:40:21.624,0,,,0,0.067035,12942,93,0,0,anthropic/claude-4.6-opus-20260205,Amazon Bedrock,standard,false,true,,tool_use,tool_calls,3572,2162,Bustly,gateway-Internal-key
gen-1775029215-xhPogb3NsER3hPqvXmEx,2026-04-01 07:40:14.835,0.067515,,,0,0,13053,90,0,0,anthropic/claude-4.6-opus-20260205,Azure,standard,false,true,,tool_use,tool_calls,4641,3119,Bustly,gateway-Internal-key
gen-1775027762-LJcg3h9gds2eS520zjm3,2026-04-01 07:16:02.626,0,,,0,0.00128,21,47,0,0,anthropic/claude-4.6-opus-20260205,Amazon Bedrock,standard,false,true,,end_turn,stop,2787,1858,Bustly,gateway-Internal-key
gen-1775027148-GjLVNTtJ1DUTK5qTH04y,2026-04-01 07:05:48.756,0,,,0,0.053875,20,2151,0,0,anthropic/claude-4.6-opus-20260205,Amazon Bedrock,standard,false,true,,end_turn,stop,44135,2036,Bustly,gateway-Internal-key
gen-1775026104-R7EBzYHbQir4tbI6eY70,2026-04-01 06:48:24.461,0,,,0,0.00019,13,5,0,0,anthropic/claude-4.6-opus-20260205,Amazon Bedrock,standard,false,true,,end_turn,stop,1922,1843,Bustly,gateway-Internal-key
gen-1775023259-9Zhu9Vx0S81pDHlHELB0,2026-04-01 06:00:59.485,0,,,0,0.430925,81315,974,0,0,anthropic/claude-4.6-opus-20260205,Amazon Bedrock,standard,false,true,,tool_use,tool_calls,267155,45594,Bustly,gateway-Internal-key
gen-1775023126-dtkFqHohKBPMxFBxHObW,2026-04-01 05:58:46.972,0,,,0,0.423565,80168,909,0,0,anthropic/claude-4.6-opus-20260205,Amazon Bedrock,standard,false,true,,tool_use,tool_calls,127480,34671,Bustly,gateway-Internal-key
gen-1775023116-8wNNiffMxBSEVykDF0Go,2026-04-01 05:58:36.739,0,,,0,0.57545,111620,694,0,0,anthropic/claude-4.6-opus-20260205,Amazon Bedrock,standard,false,true,,end_turn,stop,21778,7002,Bustly,gateway-Internal-key
gen-1775023109-VK3OgOHrqXcBIY4b6vwe,2026-04-01 05:58:29.539,0,,,0,0.552705,109916,125,0,0,anthropic/claude-4.6-opus-20260205,Amazon Bedrock,standard,false,true,,tool_use,tool_calls,6175,5559,Bustly,gateway-Internal-key
gen-1775023106-SkiRi837Br2w0O4VnZhA,2026-04-01 05:58:26.140,0,,,0,0.38697,76429,193,0,0,anthropic/claude-4.6-opus-20260205,Amazon Bedrock,standard,false,true,,tool_use,tool_calls,16253,12308,Bustly,gateway-Internal-key
gen-1775023087-8HUwxCzUfSXUlsAEXIOq,2026-04-01 05:58:07.448,0,,,0,0.64964,128578,270,0,0,anthropic/claude-4.6-opus-20260205,Amazon Bedrock,standard,false,true,,tool_use,tool_calls,7011,3798,Bustly,gateway-Internal-key
gen-1775023068-kQbOE3PMrX3Ep6szzhZ3,2026-04-01 05:57:48.700,0,,,0,0.108105,19791,366,0,0,anthropic/claude-4.6-opus-20260205,Amazon Bedrock,standard,false,true,,tool_use,tool_calls,5404,2179,Bustly,gateway-Internal-key
gen-1775023015-M7gronkH5ccCRHV1TK8R,2026-04-01 05:56:55.342,0.55199,,,0,0,109708,138,0,0,anthropic/claude-4.6-opus-20260205,Amazon Bedrock,standard,false,true,,tool_use,tool_calls,8438,6574,Bustly,gateway-Internal-key
gen-1775023013-NMgg6lzyvnn2wgsJAdGp,2026-04-01 05:56:53.735,0.0844,,,0,0,16130,150,0,0,anthropic/claude-4.6-opus-20260205,Azure,standard,false,true,,tool_use,tool_calls,3918,2084,Bustly,gateway-Internal-key
gen-1775023006-xiXIVkH1vghuJnewkd3Z,2026-04-01 05:56:46.718,0,,,0,0.55136,109507,153,0,0,anthropic/claude-4.6-opus-20260205,Amazon Bedrock,standard,false,true,,tool_use,tool_calls,6598,4788,Bustly,gateway-Internal-key
gen-1775022997-nIVq3g3JsIVZhxYoTCz3,2026-04-01 05:56:37.919,0,,,0,0.550475,109215,176,0,0,anthropic/claude-4.6-opus-20260205,Amazon Bedrock,standard,false,true,,tool_use,tool_calls,7322,4896,Bustly,gateway-Internal-key
gen-1775022958-KPqfovDGc6k0doZXGKHZ,2026-04-01 05:55:57.992,0,,,0,0.083095,15784,167,0,0,anthropic/claude-4.6-opus-20260205,Amazon Bedrock,standard,false,true,,tool_use,tool_calls,54391,12176,Bustly,gateway-Internal-key
gen-1775022935-qSIFXhlrbODhwXI37vpl,2026-04-01 05:55:35.309,0,,,0,0.644665,104198,4947,0,0,anthropic/claude-4.6-opus-20260205,Amazon Bedrock,standard,false,true,,tool_use,tool_calls,60428,4845,Bustly,gateway-Internal-key
gen-1775022928-RRiIIPV3ZkjqoyWIWVGT,2026-04-01 05:55:28.317,0,,,0,0.515835,102542,125,0,0,anthropic/claude-4.6-opus-20260205,Amazon Bedrock,standard,false,true,,tool_use,tool_calls,5359,4558,Bustly,gateway-Internal-key
gen-1775022912-O31Sg2QvsE2oTwoa1Tkd,2026-04-01 05:55:12.933,0,,,0,0.517525,102210,259,0,0,anthropic/claude-4.6-opus-20260205,Amazon Bedrock,standard,false,true,,tool_use,tool_calls,8375,4187,Bustly,gateway-Internal-key
gen-1775022906-BlRgMt3DwdmaarUBAKWd,2026-04-01 05:55:06.052,0,,,0,0.505745,100614,107,0,0,anthropic/claude-4.6-opus-20260205,Amazon Bedrock,standard,false,true,,tool_use,tool_calls,3902,3196,Bustly,gateway-Internal-key
gen-1775022874-KptKcvFwKOHJ1aTPQYVH,2026-04-01 05:54:34.480,0,,,0,0.08167,15594,148,0,0,anthropic/claude-4.6-opus-20260205,Amazon Bedrock,standard,false,true,,end_turn,stop,5220,2280,Bustly,gateway-Internal-key
gen-1775022868-yVLSlPmh622Gg5GHfmIf,2026-04-01 05:54:28.267,0,,,0,0.07999,15318,136,0,0,anthropic/claude-4.6-opus-20260205,Amazon Bedrock,standard,false,true,,tool_use,tool_calls,4145,2274,Bustly,gateway-Internal-key
gen-1775022842-KrXjvsuJ4YCXymQfePaG,2026-04-01 05:54:02.552,0,,,0,0.505115,100353,134,0,0,anthropic/claude-4.6-opus-20260205,Amazon Bedrock,standard,false,true,,tool_use,tool_calls,60930,34832,Bustly,gateway-Internal-key
gen-1775022834-Qmz4dYSjXgmbARl8NRUa,2026-04-01 05:53:53.998,0,,,0,0.503145,100109,104,0,0,anthropic/claude-4.6-opus-20260205,Amazon Bedrock,standard,false,true,,tool_use,tool_calls,4961,3524,Bustly,gateway-Internal-key
gen-1775021856-eiiijWzPW5rgDB4AGtlM,2026-04-01 05:37:36.140,0,,,0,0.554155,97256,2715,0,0,anthropic/claude-4.6-opus-20260205,Amazon Bedrock,standard,false,true,,end_turn,stop,63205,3438,Bustly,gateway-Internal-key
gen-1775021771-D9dSdZdM0C7LpZslrO0z,2026-04-01 05:36:11.339,0.126195,,,0,0,21989,650,0,0,anthropic/claude-4.6-opus-20260205,Amazon Bedrock,standard,false,true,,tool_use,tool_calls,23540,15928,Bustly,gateway-Internal-key
gen-1775021756-OHYgtekCZjxBLKyoojvE,2026-04-01 05:35:56.846,0,,,0,0.1034,19590,218,0,0,anthropic/claude-4.6-opus-20260205,Amazon Bedrock,standard,false,true,,tool_use,tool_calls,4385,2262,Bustly,gateway-Internal-key
gen-1775021723-LJTYTRfd56oY2OBYkf9v,2026-04-01 05:35:23.730,0,,,0,0.083995,15824,195,0,0,anthropic/claude-4.6-opus-20260205,Amazon Bedrock,standard,false,true,,tool_use,tool_calls,31107,11540,Bustly,gateway-Internal-key
gen-1775021678-rkjFTFcWJ4r1rxZo7oQ7,2026-04-01 05:34:38.425,0,,,0,0.08143,15306,196,0,0,anthropic/claude-4.6-opus-20260205,Amazon Bedrock,standard,false,true,,tool_use,tool_calls,4217,2339,Bustly,gateway-Internal-key
gen-1775021600-7aFGaATgftofy2uYKO8U,2026-04-01 05:33:20.484,0,,,0,0.835305,158171,1778,0,0,anthropic/claude-4.6-opus-20260205,Amazon Bedrock,standard,false,true,,tool_use,tool_calls,187601,29253,Bustly,gateway-Internal-key
gen-1775021458-1ZBG3XOx1H2xHVRBFeU7,2026-04-01 05:30:58.902,0,,,0,0.82234,158108,1272,0,0,anthropic/claude-4.6-opus-20260205,Amazon Bedrock,standard,false,true,,tool_use,tool_calls,277227,19574,Bustly,gateway-Internal-key
gen-1775021440-0ptZy7osJkkbANNF6kSZ,2026-04-01 05:30:40.576,0,,,0,0.787825,157110,91,0,0,anthropic/claude-4.6-opus-20260205,Amazon Bedrock,standard,false,true,,tool_use,tool_calls,4793,4029,Bustly,gateway-Internal-key
gen-1775021409-oeB9U1uIMhlYnjBNI841,2026-04-01 05:30:09.168,0,,,0,0.805065,156073,988,0,0,anthropic/claude-4.6-opus-20260205,Amazon Bedrock,standard,false,true,,tool_use,tool_calls,19222,4497,Bustly,gateway-Internal-key
gen-1775021359-AAtggBTRlD7eZV7PeFIw,2026-04-01 05:29:19.454,0,,,0,0.82844,151718,2794,0,0,anthropic/claude-4.6-opus-20260205,Amazon Bedrock,standard,false,true,,tool_use,tool_calls,38839,4845,Bustly,gateway-Internal-key
gen-1775021301-8KozwxmBskQPc1dc3iam,2026-04-01 05:28:21.896,0,,,0,0.73786,145497,415,0,0,anthropic/claude-4.6-opus-20260205,Amazon Bedrock,standard,false,true,,tool_use,tool_calls,58019,21429,Bustly,gateway-Internal-key
gen-1775021274-ahp9VFQZ16Bfi7hX3lW0,2026-04-01 05:27:54.016,0,,,0,0.758825,150865,180,0,0,anthropic/claude-4.6-opus-20260205,Amazon Bedrock,standard,false,true,,tool_use,tool_calls,21887,14599,Bustly,gateway-Internal-key
gen-1775021263-aWbvH31aTlSo6sWE1GEG,2026-04-01 05:27:43.290,0,,,0,0.75496,150567,85,0,0,anthropic/claude-4.6-opus-20260205,Amazon Bedrock,standard,false,true,,tool_use,tool_calls,5381,4719,Bustly,gateway-Internal-key
gen-1775021256-p59W8xKkF0XPRK2nOsJw,2026-04-01 05:27:36.904,0,,,0,0.7544,150435,89,0,0,anthropic/claude-4.6-opus-20260205,Amazon Bedrock,standard,false,true,,tool_use,tool_calls,4841,4306,Bustly,gateway-Internal-key
gen-1775021232-0JAmUbGuSJSFSTir95PU,2026-04-01 05:27:12.611,0,,,0,0.75872,150049,339,0,0,anthropic/claude-4.6-opus-20260205,Amazon Bedrock,standard,false,true,,tool_use,tool_calls,12240,9002,Bustly,gateway-Internal-key
gen-1775021205-XdVmEDExbibSOx2FnBla,2026-04-01 05:26:45.583,0,,,0,0.750715,149198,189,0,0,anthropic/claude-4.6-opus-20260205,Amazon Bedrock,standard,false,true,,tool_use,tool_calls,21841,10408,Bustly,gateway-Internal-key
gen-1775021203-XbGcac8kQeQRWTwuLtdf,2026-04-01 05:26:43.595,0,,,0,0.55559,105763,1071,0,0,anthropic/claude-4.6-opus-20260205,Amazon Bedrock,standard,false,true,,end_turn,stop,22191,7041,Bustly,gateway-Internal-key
gen-1775021193-zdHfYZWzqOu09f1lpRNB,2026-04-01 05:26:33.844,0,,,0,0.74632,148159,221,0,0,anthropic/claude-4.6-opus-20260205,Amazon Bedrock,standard,false,true,,tool_use,tool_calls,6191,4043,Bustly,gateway-Internal-key
gen-1775021179-3TlNt9xS2I4boTtq6QPw,2026-04-01 05:26:19.742,0,,,0,0.69043,135981,421,0,0,anthropic/claude-4.6-opus-20260205,Amazon Bedrock,standard,false,true,,end_turn,stop,68891,11216,Bustly,gateway-Internal-key
gen-1775021156-vgBzQQoHiIFZLbSHZtEQ,2026-04-01 05:25:56.573,0,,,0,0.75492,147179,761,0,0,anthropic/claude-4.6-opus-20260205,Amazon Bedrock,standard,false,true,,tool_use,tool_calls,27884,10608,Bustly,gateway-Internal-key
gen-1775021145-mcY5Ir1A9z6CGlTPK1Um,2026-04-01 05:25:45.898,0,,,0,0.461395,91569,142,0,0,anthropic/claude-4.6-opus-20260205,Amazon Bedrock,standard,false,true,,tool_use,tool_calls,6108,5949,Bustly,gateway-Internal-key
gen-1775021134-IhsPDadn5bEmNR3rHT9n,2026-04-01 05:25:34.581,0,,,0,0.73755,147065,89,0,0,anthropic/claude-4.6-opus-20260205,Amazon Bedrock,standard,false,true,,tool_use,tool_calls,20393,13623,Bustly,gateway-Internal-key
gen-1775021111-zvXFlIVbjCqJmlohKrJt,2026-04-01 05:25:11.165,0,,,0,0.67987,135354,124,0,0,anthropic/claude-4.6-opus-20260205,Amazon Bedrock,standard,false,true,,tool_use,tool_calls,66270,47120,Bustly,gateway-Internal-key
gen-1775021101-UlT1gTQzsLzmfYLEPT9Q,2026-04-01 05:25:01.612,0,,,0,0.6781,135270,70,0,0,anthropic/claude-4.6-opus-20260205,Amazon Bedrock,standard,false,true,,tool_use,tool_calls,5230,4792,Bustly,gateway-Internal-key
gen-1775021087-4rM2tDOlNjCqfFH9bd9d,2026-04-01 05:24:47.498,0,,,0,0.549905,86881,4620,0,0,anthropic/claude-4.6-opus-20260205,Amazon Bedrock,standard,false,true,,tool_use,tool_calls,57505,5458,Bustly,gateway-Internal-key
gen-1775021080-TsSDta5731IOpUv8FBPp,2026-04-01 05:24:40.802,0,,,0,0.430305,85516,109,0,0,anthropic/claude-4.6-opus-20260205,Amazon Bedrock,standard,false,true,,tool_use,tool_calls,5698,5552,Bustly,gateway-Internal-key
gen-1775021066-ePMi3wbgOKisfzRzD5ZN,2026-04-01 05:24:26.117,0,,,0,0.430385,85292,157,0,0,anthropic/claude-4.6-opus-20260205,Amazon Bedrock,standard,false,true,,tool_use,tool_calls,5265,5080,Bustly,gateway-Internal-key
gen-1775021052-e6oUt4elGCjP0K1Ll6pw,2026-04-01 05:24:12.634,0,,,0,0.43394,84743,409,0,0,anthropic/claude-4.6-opus-20260205,Amazon Bedrock,standard,false,true,,tool_use,tool_calls,12148,6117,Bustly,gateway-Internal-key
gen-1775021051-UMG6PcrjvmdhIvDjXMOO,2026-04-01 05:24:11.251,0,,,0,0.89179,176123,447,0,0,anthropic/claude-4.6-opus-20260205,Amazon Bedrock,standard,false,true,,tool_use,tool_calls,9533,8958,Bustly,gateway-Internal-key
gen-1775021041-kAZF33d5stx1tBXeYxkG,2026-04-01 05:24:01.390,0,,,0,0.67771,135052,98,0,0,anthropic/claude-4.6-opus-20260205,Amazon Bedrock,standard,false,true,,tool_use,tool_calls,58034,47263,Bustly,gateway-Internal-key
gen-1775021028-ne3SDYhVZCuQ53PDYoAX,2026-04-01 05:23:48.328,0,,,0,0.40431,80387,95,0,0,anthropic/claude-4.6-opus-20260205,Amazon Bedrock,standard,false,true,,tool_use,tool_calls,23518,11577,Bustly,gateway-Internal-key
gen-1775021014-DyKStPDiPIB6ti2YGCw8,2026-04-01 05:23:34.592,0,,,0,0.67755,134800,142,0,0,anthropic/claude-4.6-opus-20260205,Amazon Bedrock,standard,false,true,,tool_use,tool_calls,5444,4523,Bustly,gateway-Internal-key
gen-1775021012-abCJzDzc0rMD0W79CvIW,2026-04-01 05:23:32.976,0,,,0,0.74433,146556,462,0,0,anthropic/claude-4.6-opus-20260205,Amazon Bedrock,standard,false,true,,tool_use,tool_calls,109723,24124,Bustly,gateway-Internal-key
gen-1775020995-YKc0ugtLkJXc1zuRHozL,2026-04-01 05:23:15.512,0,,,0,0.403525,80255,90,0,0,anthropic/claude-4.6-opus-20260205,Amazon Bedrock,standard,false,true,,tool_use,tool_calls,31173,13537,Bustly,gateway-Internal-key
gen-1775020988-oqh7PgbXMb8FCiEXKM5L,2026-04-01 05:23:08.403,0,,,0,0.67589,134568,122,0,0,anthropic/claude-4.6-opus-20260205,Amazon Bedrock,standard,false,true,,tool_use,tool_calls,4954,4280,Bustly,gateway-Internal-key
gen-1775020977-yqElFy5AE1GvskxeaoBz,2026-04-01 05:22:57.808,0,,,0,0.40339,80088,118,0,0,anthropic/claude-4.6-opus-20260205,Amazon Bedrock,standard,false,true,,tool_use,tool_calls,6057,5904,Bustly,gateway-Internal-key
gen-1775020932-MqhKZrKJx8ORNPl9Xd7Y,2026-04-01 05:22:12.002,0,,,0,0.675515,134353,150,0,0,anthropic/claude-4.6-opus-20260205,Amazon Bedrock,standard,false,true,,tool_use,tool_calls,51870,21992,Bustly,gateway-Internal-key
gen-1775020923-N017ERVsHB1fUATrke5O,2026-04-01 05:22:03.964,0,,,0,0.67372,134239,101,0,0,anthropic/claude-4.6-opus-20260205,Amazon Bedrock,standard,false,true,,tool_use,tool_calls,5010,4527,Bustly,gateway-Internal-key
gen-1775020892-a97V6Jprd7VmO6pvJXBW,2026-04-01 05:21:32.779,0,,,0,0.740995,145944,451,0,0,anthropic/claude-4.6-opus-20260205,Amazon Bedrock,standard,false,true,,tool_use,tool_calls,109441,23274,Bustly,gateway-Internal-key
gen-1775020872-wHqVcLEbwxMmeBXe2G52,2026-04-01 05:21:12.378,0,,,0,0.7822,150380,1212,0,0,anthropic/claude-4.6-opus-20260205,Amazon Bedrock,standard,false,true,,tool_use,tool_calls,18111,4320,Bustly,gateway-Internal-key
gen-1775020853-7mdJUa6LW2jn9h2FQIe0,2026-04-01 05:20:53.628,0,,,0,0.674185,134072,153,0,0,anthropic/claude-4.6-opus-20260205,Amazon Bedrock,standard,false,true,,tool_use,tool_calls,68691,26364,Bustly,gateway-Internal-key
gen-1775020847-eWp5OGOrcPlzyEHVOu5Q,2026-04-01 05:20:47.069,0,,,0,0.66815,133020,122,0,0,anthropic/claude-4.6-opus-20260205,Amazon Bedrock,standard,false,true,,tool_use,tool_calls,5283,4569,Bustly,gateway-Internal-key
gen-1775020837-y5Iotn11w0hdxOyhyNa5,2026-04-01 05:20:37.583,0,,,0,0.666485,132777,104,0,0,anthropic/claude-4.6-opus-20260205,Amazon Bedrock,standard,false,true,,tool_use,tool_calls,8270,6986,Bustly,gateway-Internal-key
gen-1775020830-guDlpA4VWg3mHmCb52un,2026-04-01 05:20:30.812,0,,,0,0.665265,132563,98,0,0,anthropic/claude-4.6-opus-20260205,Amazon Bedrock,standard,false,true,,tool_use,tool_calls,4851,4293,Bustly,gateway-Internal-key
gen-1775020820-iN6DBdqZD3zoY2bwvHXk,2026-04-01 05:20:20.108,0,,,0,0.88709,175153,453,0,0,anthropic/claude-4.6-opus-20260205,Amazon Bedrock,standard,false,true,,tool_use,tool_calls,225275,40923,Bustly,gateway-Internal-key
gen-1775020798-Fx3iLS4aD7UaP5VbJYD3,2026-04-01 05:19:58.818,0,,,0,0.882495,174369,426,0,0,anthropic/claude-4.6-opus-20260205,Amazon Bedrock,standard,false,true,,tool_use,tool_calls,16064,8580,Bustly,gateway-Internal-key
gen-1775020789-8vcwM9s1KpQp92M4GBgO,2026-04-01 05:19:49.098,0,,,0,0.760135,149852,435,0,0,anthropic/claude-4.6-opus-20260205,Amazon Bedrock,standard,false,true,,tool_use,tool_calls,71756,13526,Bustly,gateway-Internal-key
gen-1775020786-lbmTizIkqyOTbOinawLA,2026-04-01 05:19:46.910,0,,,0,0.66526,132377,135,0,0,anthropic/claude-4.6-opus-20260205,Amazon Bedrock,standard,false,true,,tool_use,tool_calls,36919,25166,Bustly,gateway-Internal-key
gen-1775020785-nPqPguAcZexcJVa9hHq8,2026-04-01 05:19:45.327,0,,,0,0.86884,172758,202,0,0,anthropic/claude-4.6-opus-20260205,Amazon Bedrock,standard,false,true,,tool_use,tool_calls,8519,8386,Bustly,gateway-Internal-key
gen-1775020779-aZFgiyaADcCCqVaEOknb,2026-04-01 05:19:39.452,0,,,0,0.664025,132125,136,0,0,anthropic/claude-4.6-opus-20260205,Amazon Bedrock,standard,false,true,,tool_use,tool_calls,5176,4199,Bustly,gateway-Internal-key
gen-1775020779-JJXmknt9qahLBm23wtio,2026-04-01 05:19:39.050,0,,,0,0.751105,149491,146,0,0,anthropic/claude-4.6-opus-20260205,Amazon Bedrock,standard,false,true,,tool_use,tool_calls,6868,4291,Bustly,gateway-Internal-key
gen-1775020772-d7cjHNBo0TRewI5zsfuK,2026-04-01 05:19:32.754,0,,,0,0.663975,131910,177,0,0,anthropic/claude-4.6-opus-20260205,Amazon Bedrock,standard,false,true,,tool_use,tool_calls,5812,3878,Bustly,gateway-Internal-key
gen-1775020771-lW0FN7NDSRtzM349W5wG,2026-04-01 05:19:31.718,0,,,0,0.8669,172305,215,0,0,anthropic/claude-4.6-opus-20260205,Amazon Bedrock,standard,false,true,,tool_use,tool_calls,10468,9839,Bustly,gateway-Internal-key
gen-1775020767-J0g8hw4Y3xdsp9X4ZN12,2026-04-01 05:19:27.228,0,,,0,0.75265,149135,279,0,0,anthropic/claude-4.6-opus-20260205,Amazon Bedrock,standard,false,true,,tool_use,tool_calls,7447,4378,Bustly,gateway-Internal-key
gen-1775020748-4eqWVcIY74Fs1GnxODUp,2026-04-01 05:19:08.520,0,,,0,0.739805,146836,225,0,0,anthropic/claude-4.6-opus-20260205,Amazon Bedrock,standard,false,true,,tool_use,tool_calls,14193,11700,Bustly,gateway-Internal-key
gen-1775020733-7ngr08O1VtrAOm9vmoTu,2026-04-01 05:18:53.255,0,,,0,0.866115,171828,279,0,0,anthropic/claude-4.6-opus-20260205,Amazon Bedrock,standard,false,true,,tool_use,tool_calls,33393,15908,Bustly,gateway-Internal-key
gen-1775020732-nIJJQ91dvVgi9pp3ZG5o,2026-04-01 05:18:52.737,0,,,0,0.76481,151657,261,0,0,anthropic/claude-4.6-opus-20260205,Amazon Bedrock,standard,false,true,,tool_use,tool_calls,8559,4628,Bustly,gateway-Internal-key
gen-1775020688-96s8SSggR8cCiiptT7NB,2026-04-01 05:18:08.631,0,,,0,0.857935,171142,89,0,0,anthropic/claude-4.6-opus-20260205,Amazon Bedrock,standard,false,true,,tool_use,tool_calls,42867,20548,Bustly,gateway-Internal-key
gen-1775020636-LSkFeXaoYxmVUQIJczdm,2026-04-01 05:17:16.106,0,,,0,0.87653,120976,10866,0,0,anthropic/claude-4.6-opus-20260205,Amazon Bedrock,standard,false,true,,tool_use,tool_calls,135559,3747,Bustly,gateway-Internal-key
gen-1775020617-eH1YKNFVTS840NYknsXf,2026-04-01 05:16:57.655,0,,,0,0.6221,119085,1067,0,0,anthropic/claude-4.6-opus-20260205,Amazon Bedrock,standard,false,true,,tool_use,tool_calls,13765,4096,Bustly,gateway-Internal-key
gen-1775020603-v0Pdfo9D9iFQ6PBWFSM7,2026-04-01 05:16:43.629,0,,,0,0.603115,118588,407,0,0,anthropic/claude-4.6-opus-20260205,Amazon Bedrock,standard,false,true,,tool_use,tool_calls,9116,5413,Bustly,gateway-Internal-key
gen-1775020586-dtATCC8mE8DeQt38XYjs,2026-04-01 05:16:26.898,0,,,0,0.60694,117373,803,0,0,anthropic/claude-4.6-opus-20260205,Amazon Bedrock,standard,false,true,,tool_use,tool_calls,11950,4228,Bustly,gateway-Internal-key
gen-1775020584-kaP4Qgbha2amOOxDSspt,2026-04-01 05:16:24.684,0,,,0,0.862195,170759,336,0,0,anthropic/claude-4.6-opus-20260205,Amazon Bedrock,standard,false,true,,tool_use,tool_calls,91582,21627,Bustly,gateway-Internal-key
gen-1775020515-dFoafijF7Y27NIw3Od79,2026-04-01 05:15:15.108,0,,,0,0.854595,170479,88,0,0,anthropic/claude-4.6-opus-20260205,Amazon Bedrock,standard,false,true,,tool_use,tool_calls,64141,38864,Bustly,gateway-Internal-key
gen-1775020505-4Az7DzOaOKTD8VPhahjI,2026-04-01 05:15:05.249,0,,,0,0.85347,170159,107,0,0,anthropic/claude-4.6-opus-20260205,Amazon Bedrock,standard,false,true,,tool_use,tool_calls,8259,8146,Bustly,gateway-Internal-key
gen-1775020488-Y2ELdXpddXtJIsFanWwU,2026-04-01 05:14:48.359,0,,,0,0.847625,168525,200,0,0,anthropic/claude-4.6-opus-20260205,Amazon Bedrock,standard,false,true,,tool_use,tool_calls,8856,8683,Bustly,gateway-Internal-key
gen-1775020485-GiP8J1Vdkwj8Zl5pfTrB,2026-04-01 05:14:44.999,0,,,0,0.86618,167141,1219,0,0,anthropic/claude-4.6-opus-20260205,Amazon Bedrock,standard,false,true,,end_turn,stop,491599,31599,Bustly,gateway-Internal-key
gen-1775020477-hs9r6Hf41Str67niR7fp,2026-04-01 05:14:37.537,0,,,0,0.844515,168063,168,0,0,anthropic/claude-4.6-opus-20260205,Amazon Bedrock,standard,false,true,,tool_use,tool_calls,9587,9391,Bustly,gateway-Internal-key
gen-1775020469-NhXDWeufj27y2cg1BjLB,2026-04-01 05:14:29.988,0,,,0,0.9838,196265,99,0,0,anthropic/claude-4.6-opus-20260205,Amazon Bedrock,standard,false,true,,tool_use,tool_calls,7999,7880,Bustly,gateway-Internal-key
gen-1775020466-1OknTFHwTW3TsPbtZfz5,2026-04-01 05:14:26.696,0,,,0,0.843705,167806,187,0,0,anthropic/claude-4.6-opus-20260205,Amazon Bedrock,standard,false,true,,tool_use,tool_calls,9363,9112,Bustly,gateway-Internal-key
gen-1775020455-BMkO6j6GIoiIZ7Tvyl9s,2026-04-01 05:14:15.127,0,,,0,0.84119,167523,143,0,0,anthropic/claude-4.6-opus-20260205,Amazon Bedrock,standard,false,true,,tool_use,tool_calls,9799,9610,Bustly,gateway-Internal-key
gen-1775020431-gv6qHBPlqCO45aUnPECN,2026-04-01 05:13:50.412,0,,,0,0.62352,115469,1847,0,0,anthropic/claude-4.6-opus-20260205,Amazon Bedrock,standard,false,true,,end_turn,stop,62785,7449,Bustly,gateway-Internal-key
gen-1775020403-idgYqsx3BXUXFWuEjBoR,2026-04-01 05:13:23.644,0,,,0,0.58033,115171,179,0,0,anthropic/claude-4.6-opus-20260205,Amazon Bedrock,standard,false,true,,tool_use,tool_calls,20581,9781,Bustly,gateway-Internal-key
gen-1775020386-wJzZUibJHbDFueiqYAWI,2026-04-01 05:13:06.958,0,,,0,0.5873,114040,684,0,0,anthropic/claude-4.6-opus-20260205,Amazon Bedrock,standard,false,true,,tool_use,tool_calls,11868,3697,Bustly,gateway-Internal-key
gen-1775020343-q2a1tNOkVtd95dOVaYaA,2026-04-01 05:12:23.754,0,,,0,0.5673,112295,233,0,0,anthropic/claude-4.6-opus-20260205,Amazon Bedrock,standard,false,true,,tool_use,tool_calls,36932,9353,Bustly,gateway-Internal-key
gen-1775019689-blWmvuC4nWKJ1XeRuouI,2026-04-01 05:01:29.650,0,,,0,0.100765,19378,155,0,0,anthropic/claude-4.6-opus-20260205,Amazon Bedrock,standard,false,true,,tool_use,tool_calls,30084,10836,Bustly,gateway-Internal-key
gen-1775019680-ke9hccT7XvO2QEcpJgHk,2026-04-01 05:01:19.996,0,,,0,0.095325,18335,146,0,0,anthropic/claude-4.6-opus-20260205,Amazon Bedrock,standard,false,true,,tool_use,tool_calls,3138,2102,Bustly,gateway-Internal-key
gen-1775019679-vmnQXJck4pMP75ILRjTS,2026-04-01 05:01:18.995,0,,,0,0.58104,112208,800,0,0,anthropic/claude-4.6-opus-20260205,Amazon Bedrock,standard,false,true,,tool_use,tool_calls,14628,3693,Bustly,gateway-Internal-key
gen-1775019675-xVwgUJrgfhP4vKGjEnAv,2026-04-01 05:01:15.533,0,,,0,0.083485,16227,94,0,0,anthropic/claude-4.6-opus-20260205,Amazon Bedrock,standard,false,true,,tool_use,tool_calls,3451,2551,Bustly,gateway-Internal-key
gen-1775019586-jglGazZYa0SCV3LGz3uD,2026-04-01 04:59:46.899,0,,,0,0.08343,16201,97,0,0,anthropic/claude-4.6-opus-20260205,Amazon Bedrock,standard,false,true,,tool_use,tool_calls,4206,3221,Bustly,gateway-Internal-key
gen-1775019580-AZfOJR2dIs6T1dxBqBuR,2026-04-01 04:59:40.441,0,,,0,0.084195,15859,196,0,0,anthropic/claude-4.6-opus-20260205,Amazon Bedrock,standard,false,true,,tool_use,tool_calls,4764,2736,Bustly,gateway-Internal-key
gen-1775018377-rhTzywazgNBUFAraPz2S,2026-04-01 04:39:37.431,0,,,0,0.656415,126168,1023,0,0,anthropic/claude-4.6-opus-20260205,Amazon Bedrock,standard,false,true,,end_turn,stop,25493,3824,Bustly,gateway-Internal-key
gen-1775018326-JGwLF1FCowhFxiIZ9FVu,2026-04-01 04:38:45.698,0,,,0,0.632475,125755,148,0,0,anthropic/claude-4.6-opus-20260205,Amazon Bedrock,standard,false,true,,tool_use,tool_calls,47101,24228,Bustly,gateway-Internal-key
gen-1775018234-kdWIHG6PgbgHBKuSfj9B,2026-04-01 04:37:14.532,0,,,0,0.638235,125262,477,0,0,anthropic/claude-4.6-opus-20260205,Amazon Bedrock,standard,false,true,,tool_use,tool_calls,85189,10958,Bustly,gateway-Internal-key
gen-1775018222-5phVGGKP2t1LX1hpW8t3,2026-04-01 04:37:02.258,0,,,0,0.09617,17754,296,0,0,anthropic/claude-4.6-opus-20260205,Amazon Bedrock,standard,false,true,,tool_use,tool_calls,6068,2637,Bustly,gateway-Internal-key
gen-1775018197-gGMz3ty2hVoYxhvlDpvk,2026-04-01 04:36:37.899,0,,,0,0.08555,16485,125,0,0,anthropic/claude-4.6-opus-20260205,Amazon Bedrock,standard,false,true,,tool_use,tool_calls,14301,7951,Bustly,gateway-Internal-key
gen-1775018191-q2KzYwvXqnX7AAtJSXdS,2026-04-01 04:36:31.309,0,,,0,0.07565,14560,114,0,0,anthropic/claude-4.6-opus-20260205,Amazon Bedrock,standard,false,true,,tool_use,tool_calls,4519,2805,Bustly,gateway-Internal-key
gen-1775018186-gLm2BhDTNY1ssMEygC9K,2026-04-01 04:36:26.593,0,,,0,0.075275,14240,163,0,0,anthropic/claude-4.6-opus-20260205,Amazon Bedrock,standard,false,true,,tool_use,tool_calls,3944,2092,Bustly,gateway-Internal-key
gen-1775018178-4syX75BYi6VgjgFZc625,2026-04-01 04:36:17.992,0,,,0,0.2915,56170,426,0,0,anthropic/claude-4.6-opus-20260205,Amazon Bedrock,standard,false,true,,end_turn,stop,70428,11303,Bustly,gateway-Internal-key
gen-1775018126-hlULIjZCwAUJ9lZrtnNw,2026-04-01 04:35:26.618,0,,,0,0.3568,70805,111,0,0,anthropic/claude-4.6-opus-20260205,Amazon Bedrock,standard,false,true,,tool_use,tool_calls,52179,12004,Bustly,gateway-Internal-key
gen-1775018099-WQwel6pstqy6DaOF2zZ7,2026-04-01 04:34:57.959,0,,,0,0.103195,19579,212,0,0,anthropic/claude-4.6-opus-20260205,Amazon Bedrock,standard,false,true,,tool_use,tool_calls,16358,6920,Bustly,gateway-Internal-key
gen-1775018085-srbZON3SDnsEfmSUujjy,2026-04-01 04:34:45.947,0,,,0,0.095535,18427,136,0,0,anthropic/claude-4.6-opus-20260205,Amazon Bedrock,standard,false,true,,tool_use,tool_calls,7415,4732,Bustly,gateway-Internal-key
gen-1775018076-6XuZcO9Zl5uZvhpQF7i4,2026-04-01 04:34:36.204,0,,,0,0.084185,16307,106,0,0,anthropic/claude-4.6-opus-20260205,Amazon Bedrock,standard,false,true,,tool_use,tool_calls,7736,4251,Bustly,gateway-Internal-key
gen-1775018069-vPtFi8kA8f3hbbxs50US,2026-04-01 04:34:29.347,0,,,0,0.08409,15898,184,0,0,anthropic/claude-4.6-opus-20260205,Amazon Bedrock,standard,false,true,,tool_use,tool_calls,4415,2713,Bustly,gateway-Internal-key
gen-1775018060-O3RvzuCenFb08cNwfiGy,2026-04-01 04:34:20.165,0,,,0,0.478545,90319,1078,0,0,anthropic/claude-4.6-opus-20260205,Amazon Bedrock,standard,false,true,,tool_use,tool_calls,297786,17589,Bustly,gateway-Internal-key
gen-1775017832-iX6dBAkxfzsUmsCTuJgB,2026-04-01 04:30:32.592,0,,,0,0.654,117240,2712,0,0,anthropic/claude-4.6-opus-20260205,Amazon Bedrock,standard,false,true,,end_turn,stop,49587,3839,Bustly,gateway-Internal-key
gen-1775017818-mQHiWWCpFpvry5mSHVxB,2026-04-01 04:30:18.814,0,,,0,0.59073,116981,233,0,0,anthropic/claude-4.6-opus-20260205,Amazon Bedrock,standard,false,true,,tool_use,tool_calls,8291,5434,Bustly,gateway-Internal-key
gen-1775017800-eFT3F9I40RlrYh2xQqe0,2026-04-01 04:30:00.395,0,,,0,0.58183,115311,211,0,0,anthropic/claude-4.6-opus-20260205,Amazon Bedrock,standard,false,true,,tool_use,tool_calls,12165,9018,Bustly,gateway-Internal-key
gen-1775017765-K2juO9Gwoi4DB9n0Tc0L,2026-04-01 04:29:24.963,0,,,0,0.587225,112210,1047,0,0,anthropic/claude-4.6-opus-20260205,Amazon Bedrock,standard,false,true,,tool_use,tool_calls,16518,3319,Bustly,gateway-Internal-key
gen-1775016089-zBK5Ljw48CgvoYRsqDB6,2026-04-01 04:01:29.638,0,,,0,0.07834,15593,15,0,0,anthropic/claude-4.6-opus-20260205,Amazon Bedrock,standard,false,true,,end_turn,stop,2357,2019,Bustly,gateway-Internal-key
gen-1775015623-vnBIMQOM8yOrVby5PrLz,2026-04-01 03:53:42.759,0,,,0,0.078055,15536,15,0,0,anthropic/claude-4.6-opus-20260205,Amazon Bedrock,standard,false,true,,end_turn,stop,2340,2340,Bustly,gateway-Internal-key
gen-1775014774-YELjh2gRn3pURE8Mx2Ny,2026-04-01 03:39:34.777,0,,,0,0.29697,55439,791,0,0,anthropic/claude-4.6-opus-20260205,Amazon Bedrock,standard,false,true,,end_turn,stop,17085,4027,Bustly,gateway-Internal-key
gen-1775014766-Ds6kjvLmqMmnvvN9eLRv,2026-04-01 03:39:26.026,0,,,0,0.27572,54569,115,0,0,anthropic/claude-4.6-opus-20260205,Amazon Bedrock,standard,false,true,,tool_use,tool_calls,3571,2862,Bustly,gateway-Internal-key
gen-1775014756-yy7S6QgwttNSytHcD6JC,2026-04-01 03:39:16.592,0,,,0,0.27426,53992,172,0,0,anthropic/claude-4.6-opus-20260205,Amazon Bedrock,standard,false,true,,tool_use,tool_calls,5311,3702,Bustly,gateway-Internal-key
gen-1775014746-zAoQX086VdAftTwAourj,2026-04-01 03:39:06.740,0,,,0,0.27156,53417,179,0,0,anthropic/claude-4.6-opus-20260205,Amazon Bedrock,standard,false,true,,tool_use,tool_calls,5405,2842,Bustly,gateway-Internal-key
gen-1775014712-j16QsukvV2uos0XEJbRq,2026-04-01 03:38:32.934,0,,,0,0.26551,51872,246,0,0,anthropic/claude-4.6-opus-20260205,Amazon Bedrock,standard,false,true,,tool_use,tool_calls,28227,24845,Bustly,gateway-Internal-key
gen-1775014696-ErOgVRZsB2aMJm8bubRS,2026-04-01 03:38:16.593,0,,,0,0.25796,50427,233,0,0,anthropic/claude-4.6-opus-20260205,Amazon Bedrock,standard,false,true,,tool_use,tool_calls,6446,3697,Bustly,gateway-Internal-key
gen-1775014661-bW34yPEEpzlb9cgum8eT,2026-04-01 03:37:41.332,0,,,0,0.08461,15627,259,0,0,anthropic/claude-4.6-opus-20260205,Amazon Bedrock,standard,false,true,,end_turn,stop,6978,1922,Bustly,gateway-Internal-key
gen-1775014650-LQc5459WmjJN6x0c94dl,2026-04-01 03:37:30.060,0,,,0,0.254255,49851,200,0,0,anthropic/claude-4.6-opus-20260205,Amazon Bedrock,standard,false,true,,tool_use,tool_calls,35216,11369,Bustly,gateway-Internal-key
gen-1775014638-N0dRzC6b3Mgua9K9tWn7,2026-04-01 03:37:18.824,0,,,0,0.07835,15575,19,0,0,anthropic/claude-4.6-opus-20260205,Amazon Bedrock,standard,false,true,,end_turn,stop,2674,2212,Bustly,gateway-Internal-key
gen-1775014587-J3XnV63yzeBlPQVsfsw9,2026-04-01 03:36:27.485,0,,,0,0.252825,49725,168,0,0,anthropic/claude-4.6-opus-20260205,Amazon Bedrock,standard,false,true,,tool_use,tool_calls,50342,17846,Bustly,gateway-Internal-key
gen-1775014574-ya6fHJPfNrXk8340nr5f,2026-04-01 03:36:14.511,0,,,0,0.44371,83542,1040,0,0,anthropic/claude-4.6-opus-20260205,Amazon Bedrock,standard,false,true,,tool_use,tool_calls,13980,4073,Bustly,gateway-Internal-key
gen-1775014555-98b1WdV4tx3LjyIzglb7,2026-04-01 03:35:55.214,0,,,0,0.43431,82592,854,0,0,anthropic/claude-4.6-opus-20260205,Amazon Bedrock,standard,false,true,,tool_use,tool_calls,14298,3428,Bustly,gateway-Internal-key
gen-1775014532-NdjjRNVsVySRRQGff3Nl,2026-04-01 03:35:32.523,0,,,0,0.11708,21391,405,0,0,anthropic/claude-4.6-opus-20260205,Amazon Bedrock,standard,false,true,,tool_use,tool_calls,6193,2341,Bustly,gateway-Internal-key
gen-1775014527-yFjRHddGaqSR8yhQuSyw,2026-04-01 03:35:27.549,0,,,0,0.100795,19734,85,0,0,anthropic/claude-4.6-opus-20260205,Amazon Bedrock,standard,false,true,,tool_use,tool_calls,3151,2622,Bustly,gateway-Internal-key
gen-1775014515-oW1tTwtKSZfj3pByxkag,2026-04-01 03:35:15.115,0,,,0,0.25165,49425,181,0,0,anthropic/claude-4.6-opus-20260205,Amazon Bedrock,standard,false,true,,tool_use,tool_calls,65920,22062,Bustly,gateway-Internal-key
gen-1775014495-2nMpSlNUUtCKFseQMCM8,2026-04-01 03:34:55.075,0,,,0,0.098145,19169,92,0,0,anthropic/claude-4.6-opus-20260205,Amazon Bedrock,standard,false,true,,tool_use,tool_calls,30655,21096,Bustly,gateway-Internal-key
gen-1775014486-1A0fQ5gYgaBCSDH0JcuF,2026-04-01 03:34:46.505,0,,,0,0.096945,18004,277,0,0,anthropic/claude-4.6-opus-20260205,Amazon Bedrock,standard,false,true,,tool_use,tool_calls,6620,3017,Bustly,gateway-Internal-key
gen-1775014476-y2VqP50Vo5E1IfU3gvyM,2026-04-01 03:34:36.414,0,,,0,0.08966,17567,73,0,0,anthropic/claude-4.6-opus-20260205,Amazon Bedrock,standard,false,true,,tool_use,tool_calls,3293,2545,Bustly,gateway-Internal-key
gen-1775014471-7xYaodQ3WiouwlhZgFuq,2026-04-01 03:34:31.568,0,,,0,0.08718,17011,85,0,0,anthropic/claude-4.6-opus-20260205,Amazon Bedrock,standard,false,true,,tool_use,tool_calls,3316,2398,Bustly,gateway-Internal-key
gen-1775014467-Ct9CTLMVs4RJjp73TVNW,2026-04-01 03:34:27.630,0,,,0,0.23836,47137,107,0,0,anthropic/claude-4.6-opus-20260205,Amazon Bedrock,standard,false,true,,tool_use,tool_calls,43416,19050,Bustly,gateway-Internal-key
gen-1775014462-PmglKFnxF7amOFsNt8mr,2026-04-01 03:34:22.626,0,,,0,0.0867,16700,128,0,0,anthropic/claude-4.6-opus-20260205,Amazon Bedrock,standard,false,true,,tool_use,tool_calls,4050,2886,Bustly,gateway-Internal-key
gen-1775014438-NYdA1yczDL0Aj4scqr3y,2026-04-01 03:33:58.548,0,,,0,0.234035,46352,91,0,0,anthropic/claude-4.6-opus-20260205,Amazon Bedrock,standard,false,true,,tool_use,tool_calls,25470,17703,Bustly,gateway-Internal-key
gen-1775014420-eH2IHfDY5ImqXtbPX8S0,2026-04-01 03:33:40.915,0,,,0,0.07564,14453,135,0,0,anthropic/claude-4.6-opus-20260205,Amazon Bedrock,standard,false,true,,tool_use,tool_calls,30199,13689,Bustly,gateway-Internal-key
gen-1775014418-RJQRZORTdu5Hevr1cdzU,2026-04-01 03:33:38.635,0,,,0,0.236035,46077,226,0,0,anthropic/claude-4.6-opus-20260205,Amazon Bedrock,standard,false,true,,tool_use,tool_calls,6482,2593,Bustly,gateway-Internal-key
gen-1775014402-osvBrqCQn5FtSBrQOHJJ,2026-04-01 03:33:22.651,0,,,0,0.233235,45647,200,0,0,anthropic/claude-4.6-opus-20260205,Amazon Bedrock,standard,false,true,,tool_use,tool_calls,9480,4861,Bustly,gateway-Internal-key
gen-1775014387-vcP5ZZGVS0H7eN0TWNie,2026-04-01 03:33:07.617,0,,,0,0.06816,12897,147,0,0,anthropic/claude-4.6-opus-20260205,Amazon Bedrock,standard,false,true,,tool_use,tool_calls,29693,12993,Bustly,gateway-Internal-key
gen-1775014366-wvNDylvu5QSFTNYYb7nX,2026-04-01 03:32:45.723,0,,,0,0.223535,44252,91,0,0,anthropic/claude-4.6-opus-20260205,Amazon Bedrock,standard,false,true,,tool_use,tool_calls,33497,11781,Bustly,gateway-Internal-key
gen-1775014238-kivwXK8wLlh4XUtk3hvh,2026-04-01 03:30:38.128,0,,,0,0.22139,44203,15,0,0,anthropic/claude-4.6-opus-20260205,Amazon Bedrock,standard,false,true,,end_turn,stop,12685,9735,Bustly,gateway-Internal-key
gen-1775014220-qsWxQHmHMLdS1HnhtemT,2026-04-01 03:30:20.654,0,,,0,0.06534,12988,16,0,0,anthropic/claude-4.6-opus-20260205,Amazon Bedrock,standard,false,true,,end_turn,stop,2542,2310,Bustly,gateway-Internal-key
gen-1775014209-IRxKfkqZFjZdNzW1FThr,2026-04-01 03:30:08.933,0,,,0,0.74811,149012,122,0,0,anthropic/claude-4.6-opus-20260205,Amazon Bedrock,standard,false,true,,end_turn,stop,85853,24884,Bustly,gateway-Internal-key
gen-1775011130-bFDo9W68Yq8esPjPj1by,2026-04-01 02:38:50.079,0,,,0,0.67522,133174,374,0,0,anthropic/claude-4.6-opus-20260205,Amazon Bedrock,standard,false,true,,tool_use,tool_calls,24689,21258,Bustly,gateway-Internal-key
gen-1775011106-r7tfTPz5rfrYguIGtSdh,2026-04-01 02:38:26.473,0,,,0,0.678705,131731,802,0,0,anthropic/claude-4.6-opus-20260205,Amazon Bedrock,standard,false,true,,tool_use,tool_calls,18333,6978,Bustly,gateway-Internal-key
gen-1775011080-mfRtZcEcPaz4OWaYRoJ8,2026-04-01 02:38:00.606,0,,,0,0.103195,18539,420,0,0,anthropic/claude-4.6-opus-20260205,Amazon Bedrock,standard,false,true,,tool_use,tool_calls,7246,2436,Bustly,gateway-Internal-key
gen-1775011062-ECGoC06nftUDXKf8cgYJ,2026-04-01 02:37:42.685,0,,,0,0.09093,17106,216,0,0,anthropic/claude-4.6-opus-20260205,Amazon Bedrock,standard,false,true,,tool_use,tool_calls,4245,2018,Bustly,gateway-Internal-key
gen-1775011038-2w86Nzww5X7KK5NC0tkg,2026-04-01 02:37:18.095,0,,,0,0.068755,12971,156,0,0,anthropic/claude-4.6-opus-20260205,Amazon Bedrock,standard,false,true,,tool_use,tool_calls,22325,6435,Bustly,gateway-Internal-key